time,location,consumption,forecasted-temperature,observed-temperature
5/1/22 0:00,oslo,1.89098,3.400000095367432,9.5
5/1/22 1:00,oslo,1.812806,4.199999809265137,8.9
5/1/22 2:00,oslo,1.811618,3.5999999046325684,7.5
5/1/22 3:00,oslo,1.810507,3.700000047683716,6.3
5/1/22 4:00,oslo,1.83433,4.199999809265137,5.1
5/1/22 5:00,oslo,1.967641,5.800000190734863,4.5
5/1/22 6:00,oslo,2.23541,8.699999809265137,4.6
5/1/22 7:00,oslo,2.4145100000000004,11.199999809265137,6.5
5/1/22 8:00,oslo,2.5227470000000003,13.199999809265137,8.6
5/1/22 9:00,oslo,2.515031000000001,14.5,10.6
5/1/22 10:00,oslo,2.439718,15.199999809265137,11.7
5/1/22 11:00,oslo,2.361387,15.399999618530272,13.1
5/1/22 12:00,oslo,2.290941,15.100000381469728,12.9
5/1/22 13:00,oslo,2.3904270000000007,14.800000190734863,12.6
5/1/22 14:00,oslo,2.35096,15.0,13.3
5/1/22 15:00,oslo,2.421247,15.100000381469728,13.1
5/1/22 16:00,oslo,2.527502,15.100000381469728,13.4
5/1/22 17:00,oslo,2.537462000000001,14.100000381469728,13.7
5/1/22 18:00,oslo,2.4960620000000007,12.399999618530272,13.9
5/1/22 19:00,oslo,2.469366,10.800000190734863,14.1
5/1/22 20:00,oslo,2.468348,9.600000381469728,13.4
5/1/22 21:00,oslo,2.4247120000000004,8.399999618530273,11.5
5/1/22 22:00,oslo,2.3430850000000003,7.5,9.8
5/1/22 23:00,oslo,2.191253,6.599999904632568,8.4
5/2/22 0:00,oslo,2.1414060000000004,5.5,7.9
5/2/22 1:00,oslo,2.1379,4.599999904632568,7.0
5/2/22 2:00,oslo,2.143499,3.900000095367432,6.6
5/2/22 3:00,oslo,2.192148,3.799999952316284,5.8
5/2/22 4:00,oslo,2.1868360000000004,4.199999809265137,3.8
5/2/22 5:00,oslo,2.220095,6.300000190734863,2.2
5/2/22 6:00,oslo,2.346966000000001,8.800000190734863,3.9
5/2/22 7:00,oslo,2.608699,11.600000381469728,4.6
5/2/22 8:00,oslo,2.8238419999999995,13.5,6.7
5/2/22 9:00,oslo,2.786716,14.5,7.4
5/2/22 10:00,oslo,2.726029,15.199999809265137,7.9
5/2/22 11:00,oslo,2.6753980000000004,15.300000190734863,10.2
5/2/22 12:00,oslo,2.633289,15.199999809265137,9.7
5/2/22 13:00,oslo,2.575348,14.699999809265137,10.1
5/2/22 14:00,oslo,2.6187439999999995,15.100000381469728,11.1
5/2/22 15:00,oslo,2.611037,15.5,11.6
5/2/22 16:00,oslo,2.694366,15.300000190734863,12.3
5/2/22 17:00,oslo,2.7509610000000007,14.300000190734863,12.7
5/2/22 18:00,oslo,2.7938439999999995,13.100000381469728,12.5
5/2/22 19:00,oslo,2.8315820000000005,10.5,11.7
5/2/22 20:00,oslo,2.814222,8.600000381469727,10.4
5/2/22 21:00,oslo,2.534125000000001,7.300000190734863,9.4
5/2/22 22:00,oslo,2.2669490000000003,6.300000190734863,8.0
5/2/22 23:00,oslo,2.073589,5.400000095367432,7.0
5/3/22 0:00,oslo,1.970157,4.699999809265137,5.9
5/3/22 1:00,oslo,1.992045,4.099999904632568,4.9
5/3/22 2:00,oslo,1.989338,3.5999999046325684,4.6
5/3/22 3:00,oslo,2.0744770000000003,3.299999952316284,4.1
5/3/22 4:00,oslo,2.3026850000000003,3.5,3.9
5/3/22 5:00,oslo,2.558649999999999,5.199999809265137,3.6
5/3/22 6:00,oslo,2.463212999999999,7.5,3.9
5/3/22 7:00,oslo,2.267742,9.0,4.6
5/3/22 8:00,oslo,2.1736140000000006,10.199999809265137,5.3
5/3/22 9:00,oslo,2.125151,11.300000190734863,6.0
5/3/22 10:00,oslo,2.06708,11.899999618530272,7.1
5/3/22 11:00,oslo,1.932945,12.600000381469728,8.4
5/3/22 12:00,oslo,1.991366,13.0,9.3
5/3/22 13:00,oslo,2.099531,13.100000381469728,10.6
5/3/22 14:00,oslo,2.364345,13.199999809265137,11.7
5/3/22 15:00,oslo,2.464560000000001,14.0,13.2
5/3/22 16:00,oslo,2.496888,13.0,12.4
5/3/22 17:00,oslo,2.596743,11.800000190734863,12.0
5/3/22 18:00,oslo,2.692326,10.600000381469728,11.8
5/3/22 19:00,oslo,2.764108,8.5,12.0
5/3/22 20:00,oslo,2.729524,6.900000095367432,11.0
5/3/22 21:00,oslo,2.435800999999999,5.599999904632568,10.1
5/3/22 22:00,oslo,2.13974,5.0,9.3
5/3/22 23:00,oslo,1.927121,4.0,8.8
5/4/22 0:00,oslo,1.840225,3.299999952316284,8.0
5/4/22 1:00,oslo,1.8082560000000003,2.799999952316284,7.6
5/4/22 2:00,oslo,1.78578,2.400000095367432,7.1
5/4/22 3:00,oslo,1.848329,2.299999952316284,6.7
5/4/22 4:00,oslo,2.0868330000000004,2.700000047683716,6.3
5/4/22 5:00,oslo,2.4015539999999995,3.700000047683716,6.2
5/4/22 6:00,oslo,2.326378,5.199999809265137,6.4
5/4/22 7:00,oslo,2.2087770000000004,6.800000190734863,6.9
5/4/22 8:00,oslo,2.150361,8.100000381469727,8.2
5/4/22 9:00,oslo,2.218318,9.600000381469728,9.3
5/4/22 10:00,oslo,2.2878830000000003,10.100000381469728,11.1
5/4/22 11:00,oslo,2.281274,11.399999618530272,12.9
5/4/22 12:00,oslo,2.365947,12.199999809265137,14.8
5/4/22 13:00,oslo,2.541928000000001,12.399999618530272,15.4
5/4/22 14:00,oslo,2.828549,12.300000190734863,16.6
5/4/22 15:00,oslo,2.896811,12.600000381469728,16.8
5/4/22 16:00,oslo,2.914604,11.899999618530272,17.7
5/4/22 17:00,oslo,2.909504,11.699999809265137,17.1
5/4/22 18:00,oslo,2.9201100000000006,10.899999618530272,17.5
5/4/22 19:00,oslo,2.96761,9.600000381469728,16.6
5/4/22 20:00,oslo,2.9296120000000005,7.900000095367432,16.0
5/4/22 21:00,oslo,2.674377,6.699999809265137,14.4
5/4/22 22:00,oslo,2.386171,5.800000190734863,13.2
5/4/22 23:00,oslo,2.1572119999999995,5.0,11.6
5/5/22 0:00,oslo,2.070327,4.199999809265137,9.8
5/5/22 1:00,oslo,2.070202,4.900000095367432,8.5
5/5/22 2:00,oslo,2.0776540000000003,4.5,7.1
5/5/22 3:00,oslo,2.126441,4.0,5.8
5/5/22 4:00,oslo,2.3508039999999992,4.400000095367432,5.4
5/5/22 5:00,oslo,2.5798070000000006,6.099999904632568,4.7
5/5/22 6:00,oslo,2.447859,8.199999809265137,4.8
5/5/22 7:00,oslo,2.222081,10.300000190734863,7.0
5/5/22 8:00,oslo,2.165411,13.0,8.5
5/5/22 9:00,oslo,2.128314,15.199999809265137,10.2
5/5/22 10:00,oslo,2.1847070000000004,16.600000381469727,12.3
5/5/22 11:00,oslo,2.2086510000000006,16.899999618530273,14.1
5/5/22 12:00,oslo,2.273928,18.200000762939453,15.6
5/5/22 13:00,oslo,2.4365190000000005,19.0,16.6
5/5/22 14:00,oslo,2.64772,17.600000381469727,16.5
5/5/22 15:00,oslo,2.7253540000000003,17.5,17.5
5/5/22 16:00,oslo,2.7023680000000008,17.0,17.4
5/5/22 17:00,oslo,2.787478000000001,16.100000381469727,16.8
5/5/22 18:00,oslo,2.81992,14.800000190734863,16.3
5/5/22 19:00,oslo,2.973613999999999,13.199999809265137,13.7
5/5/22 20:00,oslo,2.890405,10.699999809265137,13.2
5/5/22 21:00,oslo,2.7314760000000007,9.300000190734863,13.2
5/5/22 22:00,oslo,2.4207350000000005,8.0,12.4
5/5/22 23:00,oslo,2.185284999999999,6.300000190734863,12.1
5/6/22 0:00,oslo,2.088595,6.699999809265137,11.6
5/6/22 1:00,oslo,2.0867440000000004,4.900000095367432,11.0
5/6/22 2:00,oslo,2.063549,6.0,10.4
5/6/22 3:00,oslo,2.121161,5.900000095367432,10.0
5/6/22 4:00,oslo,2.311723,5.400000095367432,9.4
5/6/22 5:00,oslo,2.5176369999999992,7.0,9.5
5/6/22 6:00,oslo,2.3600980000000003,9.899999618530272,9.4
5/6/22 7:00,oslo,2.204638,11.800000190734863,10.5
5/6/22 8:00,oslo,2.127498000000001,13.800000190734863,11.1
5/6/22 9:00,oslo,2.046643,15.699999809265137,12.1
5/6/22 10:00,oslo,2.133135,17.399999618530273,13.2
5/6/22 11:00,oslo,2.1480329999999994,18.600000381469727,13.1
5/6/22 12:00,oslo,2.1284170000000007,18.5,13.8
5/6/22 13:00,oslo,2.271571,17.899999618530273,14.6
5/6/22 14:00,oslo,2.4510179999999995,17.5,14.9
5/6/22 15:00,oslo,2.5453169999999994,17.299999237060547,15.4
5/6/22 16:00,oslo,2.5693649999999995,15.600000381469728,15.1
5/6/22 17:00,oslo,2.644957000000001,14.600000381469728,14.9
5/6/22 18:00,oslo,2.759977000000001,13.899999618530272,14.5
5/6/22 19:00,oslo,2.8474440000000008,13.600000381469728,14.9
5/6/22 20:00,oslo,2.8331420000000005,12.800000190734863,13.9
5/6/22 21:00,oslo,2.6179649999999994,11.600000381469728,12.0
5/6/22 22:00,oslo,2.370804,10.600000381469728,10.0
5/6/22 23:00,oslo,2.1508170000000004,10.0,8.3
5/7/22 0:00,oslo,2.0758850000000004,8.899999618530273,7.0
5/7/22 1:00,oslo,2.035884,8.699999809265137,5.3
5/7/22 2:00,oslo,2.0587050000000007,7.800000190734863,5.8
5/7/22 3:00,oslo,2.0777810000000003,7.699999809265137,5.2
5/7/22 4:00,oslo,2.251712,8.300000190734863,4.5
5/7/22 5:00,oslo,2.5421229999999992,9.5,3.6
5/7/22 6:00,oslo,2.4031510000000003,11.100000381469728,3.8
5/7/22 7:00,oslo,2.2836340000000006,12.800000190734863,5.1
5/7/22 8:00,oslo,2.2047580000000004,14.399999618530272,7.1
5/7/22 9:00,oslo,2.1844100000000006,15.600000381469728,8.9
5/7/22 10:00,oslo,2.192531,16.700000762939453,9.5
5/7/22 11:00,oslo,2.269353,17.299999237060547,10.3
5/7/22 12:00,oslo,2.423908,17.600000381469727,11.6
5/7/22 13:00,oslo,2.5559520000000004,16.600000381469727,11.6
5/7/22 14:00,oslo,2.709977,16.0,12.1
5/7/22 15:00,oslo,2.7368270000000003,17.100000381469727,12.7
5/7/22 16:00,oslo,2.78056,17.100000381469727,13.1
5/7/22 17:00,oslo,2.787801000000001,16.200000762939453,13.8
5/7/22 18:00,oslo,2.792883,14.600000381469728,14.1
5/7/22 19:00,oslo,2.747914,11.800000190734863,14.1
5/7/22 20:00,oslo,2.6579320000000006,9.399999618530272,13.7
5/7/22 21:00,oslo,2.531776,7.699999809265137,12.4
5/7/22 22:00,oslo,2.361666000000001,6.400000095367432,10.9
5/7/22 23:00,oslo,2.176639,5.300000190734863,9.9
5/8/22 0:00,oslo,2.0724,4.400000095367432,8.7
5/8/22 1:00,oslo,2.035023,4.0,8.3
5/8/22 2:00,oslo,2.01566,3.5,7.9
5/8/22 3:00,oslo,1.987148,2.700000047683716,7.3
5/8/22 4:00,oslo,1.993513,3.200000047683716,6.7
5/8/22 5:00,oslo,2.1366119999999995,5.599999904632568,6.2
5/8/22 6:00,oslo,2.367716,7.800000190734863,6.3
5/8/22 7:00,oslo,2.5630999999999995,9.5,6.7
5/8/22 8:00,oslo,2.630005,11.0,8.3
5/8/22 9:00,oslo,2.635123,12.300000190734863,10.0
5/8/22 10:00,oslo,2.564887,13.399999618530272,11.4
5/8/22 11:00,oslo,2.555284,14.5,13.5
5/8/22 12:00,oslo,2.546572,15.100000381469728,14.7
5/8/22 13:00,oslo,2.404518,15.300000190734863,15.6
5/8/22 14:00,oslo,2.458295,15.199999809265137,16.2
5/8/22 15:00,oslo,2.5618700000000003,15.300000190734863,16.1
5/8/22 16:00,oslo,2.570159,14.899999618530272,15.6
5/8/22 17:00,oslo,2.60932,14.300000190734863,14.6
5/8/22 18:00,oslo,2.5904679999999995,13.199999809265137,13.5
5/8/22 19:00,oslo,2.529352,11.800000190734863,13.5
5/8/22 20:00,oslo,2.462124,10.0,12.4
5/8/22 21:00,oslo,2.367348,8.899999618530273,11.7
5/8/22 22:00,oslo,2.2776999999999994,8.100000381469727,11.3
5/8/22 23:00,oslo,2.186662,7.300000190734863,11.0
5/9/22 0:00,oslo,2.056013,6.400000095367432,10.9
5/9/22 1:00,oslo,2.023015,6.5,10.6
5/9/22 2:00,oslo,1.988366,6.199999809265137,10.4
5/9/22 3:00,oslo,1.974488,6.400000095367432,10.4
5/9/22 4:00,oslo,1.9559820000000003,6.800000190734863,10.5
5/9/22 5:00,oslo,1.991611,8.0,10.1
5/9/22 6:00,oslo,2.179817,9.899999618530272,9.4
5/9/22 7:00,oslo,2.394425,10.600000381469728,8.8
5/9/22 8:00,oslo,2.588628,12.800000190734863,9.3
5/9/22 9:00,oslo,2.6652740000000006,15.199999809265137,10.7
5/9/22 10:00,oslo,2.657196,16.700000762939453,11.3
5/9/22 11:00,oslo,2.66059,17.5,11.0
5/9/22 12:00,oslo,2.660852,17.799999237060547,10.3
5/9/22 13:00,oslo,2.6213560000000005,17.100000381469727,10.6
5/9/22 14:00,oslo,2.6017179999999995,16.5,10.9
5/9/22 15:00,oslo,2.619033000000001,15.300000190734863,11.2
5/9/22 16:00,oslo,2.6716420000000003,14.399999618530272,11.3
5/9/22 17:00,oslo,2.7203220000000004,13.5,11.4
5/9/22 18:00,oslo,2.7425180000000005,12.5,11.3
5/9/22 19:00,oslo,2.7399369999999994,11.300000190734863,11.0
5/9/22 20:00,oslo,2.678172,10.5,11.0
5/9/22 21:00,oslo,2.46198,10.399999618530272,10.9
5/9/22 22:00,oslo,2.179910000000001,10.199999809265137,10.8
5/9/22 23:00,oslo,1.967679,9.899999618530272,10.1
5/10/22 0:00,oslo,1.907125,9.699999809265137,9.9
5/10/22 1:00,oslo,1.901188,9.899999618530272,9.4
5/10/22 2:00,oslo,1.889201,9.899999618530272,8.6
5/10/22 3:00,oslo,1.942809,9.800000190734863,7.7
5/10/22 4:00,oslo,2.119203,9.800000190734863,7.1
5/10/22 5:00,oslo,2.391282999999999,10.0,5.9
5/10/22 6:00,oslo,2.413223,10.800000190734863,6.3
5/10/22 7:00,oslo,2.332505,10.399999618530272,8.3
5/10/22 8:00,oslo,2.242401,10.699999809265137,8.7
5/10/22 9:00,oslo,2.18038,11.399999618530272,10.8
5/10/22 10:00,oslo,2.130463,11.100000381469728,11.9
5/10/22 11:00,oslo,2.110393,10.699999809265137,12.9
5/10/22 12:00,oslo,2.11582,11.199999809265137,12.3
5/10/22 13:00,oslo,2.204137999999999,11.600000381469728,12.0
5/10/22 14:00,oslo,2.360662,12.100000381469728,11.6
5/10/22 15:00,oslo,2.5036970000000003,12.199999809265137,11.4
5/10/22 16:00,oslo,2.559662,12.199999809265137,11.4
5/10/22 17:00,oslo,2.6503190000000005,11.699999809265137,12.0
5/10/22 18:00,oslo,2.782712,11.399999618530272,11.9
5/10/22 19:00,oslo,2.9139410000000003,10.100000381469728,11.4
5/10/22 20:00,oslo,2.881107,9.399999618530272,11.3
5/10/22 21:00,oslo,2.724504,8.300000190734863,11.1
5/10/22 22:00,oslo,2.4445019999999995,7.0,10.5
5/10/22 23:00,oslo,2.182008,6.199999809265137,10.2
5/11/22 0:00,oslo,2.023484,5.400000095367432,9.7
5/11/22 1:00,oslo,1.951548,5.5,9.0
5/11/22 2:00,oslo,1.927114,4.699999809265137,8.5
5/11/22 3:00,oslo,1.95105,4.599999904632568,8.0
5/11/22 4:00,oslo,2.095481,5.199999809265137,8.0
5/11/22 5:00,oslo,2.547641,7.0,7.5
5/11/22 6:00,oslo,2.975557,9.0,7.7
5/11/22 7:00,oslo,3.014559,11.199999809265137,8.3
5/11/22 8:00,oslo,2.762118000000001,12.800000190734863,10.2
5/11/22 9:00,oslo,2.488421,13.699999809265137,11.6
5/11/22 10:00,oslo,2.2933050000000006,13.600000381469728,13.2
5/11/22 11:00,oslo,2.169875,12.399999618530272,13.8
5/11/22 12:00,oslo,2.0957319999999995,11.300000190734863,14.0
5/11/22 13:00,oslo,2.0332540000000003,11.600000381469728,14.2
5/11/22 14:00,oslo,2.075544,12.199999809265137,14.7
5/11/22 15:00,oslo,2.0597740000000004,12.199999809265137,14.7
5/11/22 16:00,oslo,2.099377,13.0,14.1
5/11/22 17:00,oslo,2.2043590000000006,13.199999809265137,14.5
5/11/22 18:00,oslo,2.3284290000000003,12.5,14.7
5/11/22 19:00,oslo,2.425504,10.600000381469728,14.5
5/11/22 20:00,oslo,2.474262000000001,9.199999809265137,13.7
5/11/22 21:00,oslo,2.289358,8.100000381469727,12.4
5/11/22 22:00,oslo,2.0106,7.300000190734863,10.9
5/11/22 23:00,oslo,1.874452,6.699999809265137,9.7
5/12/22 0:00,oslo,1.8180089999999995,6.099999904632568,9.1
5/12/22 1:00,oslo,1.8099370000000004,6.199999809265137,9.0
5/12/22 2:00,oslo,1.7822209999999998,5.900000095367432,8.7
5/12/22 3:00,oslo,1.845727,5.800000190734863,8.8
5/12/22 4:00,oslo,2.010285,6.599999904632568,8.7
5/12/22 5:00,oslo,2.2611600000000007,8.399999618530273,7.5
5/12/22 6:00,oslo,2.159125999999999,10.600000381469728,7.9
5/12/22 7:00,oslo,2.030823,13.300000190734863,8.9
5/12/22 8:00,oslo,1.952849,14.800000190734863,10.1
5/12/22 9:00,oslo,1.9377720000000005,15.699999809265137,10.8
5/12/22 10:00,oslo,1.908144,16.200000762939453,12.0
5/12/22 11:00,oslo,1.896999,17.0,12.9
5/12/22 12:00,oslo,1.943118,17.200000762939453,12.5
5/12/22 13:00,oslo,2.1237470000000003,16.799999237060547,12.7
5/12/22 14:00,oslo,2.5438180000000004,16.899999618530273,13.2
5/12/22 15:00,oslo,2.6694870000000006,16.799999237060547,13.2
5/12/22 16:00,oslo,2.6863980000000005,16.0,14.0
5/12/22 17:00,oslo,2.745701,15.100000381469728,11.8
5/12/22 18:00,oslo,2.7532300000000003,13.800000190734863,12.2
5/12/22 19:00,oslo,2.781813,11.5,12.0
5/12/22 20:00,oslo,2.764648,9.199999809265137,11.4
5/12/22 21:00,oslo,2.542146,7.800000190734863,10.8
5/12/22 22:00,oslo,2.227034,6.699999809265137,11.0
5/12/22 23:00,oslo,2.010747,6.099999904632568,10.8
5/13/22 0:00,oslo,1.8801350000000003,5.599999904632568,10.4
5/13/22 1:00,oslo,1.856996,6.800000190734863,10.4
5/13/22 2:00,oslo,1.836475,6.699999809265137,10.0
5/13/22 3:00,oslo,1.843178,6.0,9.9
5/13/22 4:00,oslo,2.094499,6.800000190734863,8.7
5/13/22 5:00,oslo,2.422385,8.5,7.6
5/13/22 6:00,oslo,2.361316,10.399999618530272,7.6
5/13/22 7:00,oslo,2.210413,11.800000190734863,9.5
5/13/22 8:00,oslo,2.118003,13.100000381469728,11.0
5/13/22 9:00,oslo,2.0345949999999995,14.399999618530272,12.0
5/13/22 10:00,oslo,2.031169,15.600000381469728,12.6
5/13/22 11:00,oslo,2.018231,15.800000190734863,13.5
5/13/22 12:00,oslo,2.028436,15.199999809265137,14.0
5/13/22 13:00,oslo,2.154177,13.300000190734863,15.9
5/13/22 14:00,oslo,2.352622,13.399999618530272,15.8
5/13/22 15:00,oslo,2.473128,13.600000381469728,15.9
5/13/22 16:00,oslo,2.445543,12.0,15.9
5/13/22 17:00,oslo,2.5450630000000003,11.899999618530272,16.4
5/13/22 18:00,oslo,2.638867,11.399999618530272,16.1
5/13/22 19:00,oslo,2.6993400000000003,10.600000381469728,15.4
5/13/22 20:00,oslo,2.6850170000000007,9.800000190734863,14.3
5/13/22 21:00,oslo,2.42765,9.600000381469728,12.5
5/13/22 22:00,oslo,2.096516,9.300000190734863,11.3
5/13/22 23:00,oslo,1.880569,8.600000381469727,10.3
5/14/22 0:00,oslo,1.7661859999999998,7.5,9.9
5/14/22 1:00,oslo,1.7287180000000002,6.800000190734863,9.9
5/14/22 2:00,oslo,1.7044300000000003,6.300000190734863,9.2
5/14/22 3:00,oslo,1.713389,6.099999904632568,7.7
5/14/22 4:00,oslo,1.944987,7.199999809265137,6.2
5/14/22 5:00,oslo,2.23475,9.300000190734863,5.5
5/14/22 6:00,oslo,2.215971999999999,11.300000190734863,6.2
5/14/22 7:00,oslo,2.0206530000000003,14.100000381469728,8.7
5/14/22 8:00,oslo,1.941616,15.100000381469728,10.4
5/14/22 9:00,oslo,1.963186,16.100000381469727,11.4
5/14/22 10:00,oslo,1.948869,17.100000381469727,12.2
5/14/22 11:00,oslo,1.896251,18.0,13.6
5/14/22 12:00,oslo,1.967681,18.700000762939453,14.8
5/14/22 13:00,oslo,2.090694,17.600000381469727,15.3
5/14/22 14:00,oslo,2.2534610000000006,17.200000762939453,15.7
5/14/22 15:00,oslo,2.403389,17.600000381469727,15.9
5/14/22 16:00,oslo,2.4709999999999988,17.5,16.5
5/14/22 17:00,oslo,2.5259570000000005,16.700000762939453,16.0
5/14/22 18:00,oslo,2.4617700000000005,15.5,16.6
5/14/22 19:00,oslo,2.423923,13.0,16.9
5/14/22 20:00,oslo,2.3503169999999995,11.0,16.8
5/14/22 21:00,oslo,2.236732,9.5,15.8
5/14/22 22:00,oslo,2.099975,8.300000190734863,14.2
5/14/22 23:00,oslo,1.874568,7.400000095367432,13.4
5/15/22 0:00,oslo,1.7074980000000002,6.699999809265137,12.5
5/15/22 1:00,oslo,1.658454,6.699999809265137,11.8
5/15/22 2:00,oslo,1.624089,6.5,10.5
5/15/22 3:00,oslo,1.6001019999999997,6.199999809265137,9.1
5/15/22 4:00,oslo,1.654955,7.5,8.2
5/15/22 5:00,oslo,1.801493,9.800000190734863,7.4
5/15/22 6:00,oslo,2.073894,12.100000381469728,7.5
5/15/22 7:00,oslo,2.3798950000000003,13.0,7.3
5/15/22 8:00,oslo,2.5644160000000005,14.800000190734863,7.6
5/15/22 9:00,oslo,2.666413000000001,16.0,8.6
5/15/22 10:00,oslo,2.6667430000000008,16.200000762939453,10.1
5/15/22 11:00,oslo,2.615834,17.399999618530273,11.0
5/15/22 12:00,oslo,2.603450000000001,18.100000381469727,12.6
5/15/22 13:00,oslo,2.646812,17.399999618530273,13.4
5/15/22 14:00,oslo,2.666595,17.200000762939453,13.6
5/15/22 15:00,oslo,2.6678940000000004,16.5,14.8
5/15/22 16:00,oslo,2.7432930000000004,16.799999237060547,15.8
5/15/22 17:00,oslo,2.7030490000000005,16.799999237060547,16.8
5/15/22 18:00,oslo,2.6299429999999995,16.0,16.8
5/15/22 19:00,oslo,2.562935,14.5,16.6
5/15/22 20:00,oslo,2.5454220000000003,12.5,16.0
5/15/22 21:00,oslo,2.364758,11.399999618530272,15.5
5/15/22 22:00,oslo,2.2186920000000008,10.5,12.7
5/15/22 23:00,oslo,2.070269,9.300000190734863,11.2
5/16/22 0:00,oslo,1.9072,8.600000381469727,10.5
5/16/22 1:00,oslo,1.817328,8.100000381469727,10.3
5/16/22 2:00,oslo,1.7962450000000003,7.5,9.5
5/16/22 3:00,oslo,1.744287,6.900000095367432,8.6
5/16/22 4:00,oslo,1.7342229999999998,6.900000095367432,7.7
5/16/22 5:00,oslo,1.847517,7.800000190734863,6.1
5/16/22 6:00,oslo,2.046304,9.0,6.8
5/16/22 7:00,oslo,2.284773,10.300000190734863,7.5
5/16/22 8:00,oslo,2.496241000000001,11.899999618530272,7.7
5/16/22 9:00,oslo,2.5673219999999994,13.5,8.7
5/16/22 10:00,oslo,2.5725110000000004,15.100000381469728,10.2
5/16/22 11:00,oslo,2.631505,16.299999237060547,11.8
5/16/22 12:00,oslo,2.585598000000001,17.200000762939453,13.2
5/16/22 13:00,oslo,2.555353,17.5,14.8
5/16/22 14:00,oslo,2.648600999999999,17.899999618530273,14.8
5/16/22 15:00,oslo,2.647279,18.200000762939453,15.3
5/16/22 16:00,oslo,2.62788,18.0,16.4
5/16/22 17:00,oslo,2.6457900000000008,17.200000762939453,16.9
5/16/22 18:00,oslo,2.748663,16.0,17.6
5/16/22 19:00,oslo,2.757103,13.699999809265137,17.7
5/16/22 20:00,oslo,2.740104,11.399999618530272,17.0
5/16/22 21:00,oslo,2.462766,9.300000190734863,15.5
5/16/22 22:00,oslo,2.1583060000000005,8.399999618530273,14.1
5/16/22 23:00,oslo,1.960651,8.100000381469727,12.2
5/17/22 0:00,oslo,1.8574300000000004,7.099999904632568,10.5
5/17/22 1:00,oslo,1.801951,6.699999809265137,10.2
5/17/22 2:00,oslo,1.7673620000000003,6.099999904632568,9.8
5/17/22 3:00,oslo,1.82677,5.599999904632568,7.7
5/17/22 4:00,oslo,2.011064,5.900000095367432,6.3
5/17/22 5:00,oslo,2.3058910000000004,7.199999809265137,5.7
5/17/22 6:00,oslo,2.20304,8.800000190734863,7.9
5/17/22 7:00,oslo,2.0176199999999995,10.899999618530272,9.3
5/17/22 8:00,oslo,1.9951340000000004,12.800000190734863,10.7
5/17/22 9:00,oslo,1.980601,14.5,12.2
5/17/22 10:00,oslo,1.949386,16.200000762939453,14.4
5/17/22 11:00,oslo,1.909299,17.600000381469727,15.3
5/17/22 12:00,oslo,1.98993,18.5,15.8
5/17/22 13:00,oslo,2.126885,18.5,15.5
5/17/22 14:00,oslo,2.392227,18.799999237060547,15.4
5/17/22 15:00,oslo,2.5031419999999995,18.799999237060547,15.1
5/17/22 16:00,oslo,2.5148650000000004,18.799999237060547,12.4
5/17/22 17:00,oslo,2.576515000000001,18.5,11.2
5/17/22 18:00,oslo,2.6289670000000003,17.5,11.3
5/17/22 19:00,oslo,2.6940859999999995,15.0,11.5
5/17/22 20:00,oslo,2.6552520000000004,12.699999809265137,11.7
5/17/22 21:00,oslo,2.496630000000001,11.0,11.3
5/17/22 22:00,oslo,2.201341,10.399999618530272,10.8
5/17/22 23:00,oslo,1.965422,8.800000190734863,10.3
5/18/22 0:00,oslo,1.860002,7.800000190734863,10.5
5/18/22 1:00,oslo,1.832075,6.900000095367432,10.4
5/18/22 2:00,oslo,1.8234470000000005,6.5,10.1
5/18/22 3:00,oslo,1.825931,6.699999809265137,10.1
5/18/22 4:00,oslo,1.981861,7.900000095367432,9.9
5/18/22 5:00,oslo,2.258858,9.899999618530272,10.0
5/18/22 6:00,oslo,2.169335999999999,11.899999618530272,9.2
5/18/22 7:00,oslo,1.983204,13.699999809265137,9.2
5/18/22 8:00,oslo,1.9454320000000005,15.699999809265137,9.6
5/18/22 9:00,oslo,1.949008,17.100000381469727,10.3
5/18/22 10:00,oslo,1.907073,17.700000762939453,11.0
5/18/22 11:00,oslo,1.925785,18.5,12.2
5/18/22 12:00,oslo,2.063229,18.5,13.6
5/18/22 13:00,oslo,2.313157,15.399999618530272,13.5
5/18/22 14:00,oslo,2.6621660000000005,14.5,14.3
5/18/22 15:00,oslo,2.799458,12.699999809265137,15.0
5/18/22 16:00,oslo,2.8333220000000003,12.399999618530272,14.8
5/18/22 17:00,oslo,2.913418,12.600000381469728,14.8
5/18/22 18:00,oslo,2.9536620000000005,12.399999618530272,16.3
5/18/22 19:00,oslo,2.9266140000000003,11.100000381469728,16.3
5/18/22 20:00,oslo,2.796543,9.800000190734863,15.8
5/18/22 21:00,oslo,2.5282179999999994,8.800000190734863,15.2
5/18/22 22:00,oslo,2.2152360000000013,8.0,14.6
5/18/22 23:00,oslo,2.037545,7.300000190734863,13.8
5/19/22 0:00,oslo,1.931295,6.5,13.3
5/19/22 1:00,oslo,1.922656,6.900000095367432,12.6
5/19/22 2:00,oslo,1.847154,6.599999904632568,
5/19/22 3:00,oslo,1.855039,6.599999904632568,11.7
5/19/22 4:00,oslo,2.036358,7.400000095367432,11.6
5/19/22 5:00,oslo,2.378477,9.0,11.0
5/19/22 6:00,oslo,2.259547,11.5,11.0
5/19/22 7:00,oslo,2.147542999999999,13.300000190734863,11.2
5/19/22 8:00,oslo,2.081718,15.600000381469728,11.4
5/19/22 9:00,oslo,2.071094,15.199999809265137,11.4
5/19/22 10:00,oslo,2.0464460000000004,14.800000190734863,11.2
5/19/22 11:00,oslo,1.9783,13.600000381469728,10.4
5/19/22 12:00,oslo,2.057243,14.199999809265137,9.5
5/19/22 13:00,oslo,2.169023,15.300000190734863,9.5
5/19/22 14:00,oslo,2.4481240000000004,17.200000762939453,10.3
5/19/22 15:00,oslo,2.517173999999999,17.100000381469727,10.6
5/19/22 16:00,oslo,2.479056999999999,17.200000762939453,11.0
5/19/22 17:00,oslo,2.534354,17.5,11.2
5/19/22 18:00,oslo,2.5934760000000003,16.799999237060547,11.0
5/19/22 19:00,oslo,2.65648,15.100000381469728,11.5
5/19/22 20:00,oslo,2.647883,13.899999618530272,12.1
5/19/22 21:00,oslo,2.495851000000001,13.600000381469728,11.0
5/19/22 22:00,oslo,2.296698,12.300000190734863,10.7
5/19/22 23:00,oslo,2.06492,11.300000190734863,10.8
5/20/22 0:00,oslo,1.953521,11.300000190734863,10.6
5/20/22 1:00,oslo,1.912355,11.5,10.2
5/20/22 2:00,oslo,1.853929,11.0,10.4
5/20/22 3:00,oslo,1.827301,11.0,10.2
5/20/22 4:00,oslo,1.850498,11.600000381469728,10.2
5/20/22 5:00,oslo,2.006793,12.899999618530272,10.1
5/20/22 6:00,oslo,2.257789,14.399999618530272,10.0
5/20/22 7:00,oslo,2.609009999999999,17.0,10.1
5/20/22 8:00,oslo,2.934079,19.0,10.4
5/20/22 9:00,oslo,3.1710199999999995,19.899999618530277,10.5
5/20/22 10:00,oslo,3.133175999999999,20.5,11.5
5/20/22 11:00,oslo,2.991128,20.700000762939453,11.7
5/20/22 12:00,oslo,2.905772,20.799999237060547,12.8
5/20/22 13:00,oslo,2.933,20.200000762939453,14.2
5/20/22 14:00,oslo,2.870732,20.5,14.8
5/20/22 15:00,oslo,2.8004230000000003,20.200000762939453,14.7
5/20/22 16:00,oslo,2.7645800000000005,19.0,16.1
5/20/22 17:00,oslo,2.7172430000000003,18.200000762939453,15.1
5/20/22 18:00,oslo,2.6678760000000006,17.100000381469727,15.3
5/20/22 19:00,oslo,2.671828,15.100000381469728,15.6
5/20/22 20:00,oslo,2.630811000000001,13.800000190734863,16.5
5/20/22 21:00,oslo,2.507061999999999,12.699999809265137,15.3
5/20/22 22:00,oslo,2.2863999999999995,11.899999618530272,14.5
5/20/22 23:00,oslo,2.1312489999999995,11.199999809265137,13.2
5/21/22 0:00,oslo,2.020109,10.899999618530272,11.6
5/21/22 1:00,oslo,1.973942,11.100000381469728,10.6
5/21/22 2:00,oslo,1.975993,11.0,10.0
5/21/22 3:00,oslo,2.005979,10.600000381469728,10.5
5/21/22 4:00,oslo,2.113583,10.300000190734863,10.3
5/21/22 5:00,oslo,2.266923,10.199999809265137,10.3
5/21/22 6:00,oslo,2.427578,10.300000190734863,10.4
5/21/22 7:00,oslo,2.4066819999999995,11.399999618530272,10.8
5/21/22 8:00,oslo,2.465856,10.800000190734863,11.3
5/21/22 9:00,oslo,2.484823,10.5,11.8
5/21/22 10:00,oslo,2.468042,10.199999809265137,12.7
5/21/22 11:00,oslo,2.5308750000000004,10.0,14.1
5/21/22 12:00,oslo,2.508185000000001,10.300000190734863,14.8
5/21/22 13:00,oslo,2.626169,10.899999618530272,15.8
5/21/22 14:00,oslo,2.820829,10.699999809265137,16.0
5/21/22 15:00,oslo,3.0043420000000003,10.0,16.2
5/21/22 16:00,oslo,3.011645,10.399999618530272,16.5
5/21/22 17:00,oslo,3.0074630000000004,10.5,16.5
5/21/22 18:00,oslo,2.951156,10.300000190734863,17.1
5/21/22 19:00,oslo,2.790546,10.399999618530272,17.0
5/21/22 20:00,oslo,2.772081,9.699999809265137,16.2
5/21/22 21:00,oslo,2.660949,8.800000190734863,15.5
5/21/22 22:00,oslo,2.566969000000001,9.100000381469728,15.3
5/21/22 23:00,oslo,2.379530999999999,8.899999618530273,14.7
5/22/22 0:00,oslo,2.233057,8.899999618530273,13.7
5/22/22 1:00,oslo,2.1744030000000008,10.100000381469728,13.3
5/22/22 2:00,oslo,2.1504870000000005,10.199999809265137,13.0
5/22/22 3:00,oslo,2.1169099999999994,9.899999618530272,12.4
5/22/22 4:00,oslo,2.1194170000000003,10.0,11.7
5/22/22 5:00,oslo,2.279517,10.699999809265137,11.6
5/22/22 6:00,oslo,2.5440240000000003,11.800000190734863,11.4
5/22/22 7:00,oslo,2.821918,12.199999809265137,11.5
5/22/22 8:00,oslo,2.9929910000000004,13.100000381469728,12.1
5/22/22 9:00,oslo,3.006717,13.399999618530272,13.2
5/22/22 10:00,oslo,2.946309,15.100000381469728,14.9
5/22/22 11:00,oslo,2.8164240000000005,15.699999809265137,15.1
5/22/22 12:00,oslo,2.734661,16.799999237060547,15.5
5/22/22 13:00,oslo,2.6792169999999995,17.0,16.2
5/22/22 14:00,oslo,2.819881,15.100000381469728,17.0
5/22/22 15:00,oslo,2.812142,14.899999618530272,14.4
5/22/22 16:00,oslo,2.8170710000000008,16.0,12.2
5/22/22 17:00,oslo,2.785962000000001,16.100000381469727,12.2
5/22/22 18:00,oslo,2.7318400000000005,15.199999809265137,12.2
5/22/22 19:00,oslo,2.5842320000000005,13.5,12.2
5/22/22 20:00,oslo,2.538343,11.600000381469728,12.5
5/22/22 21:00,oslo,2.514161,10.199999809265137,12.5
5/22/22 22:00,oslo,2.44423,9.0,12.2
5/22/22 23:00,oslo,2.2256909999999994,8.600000381469727,11.9
5/23/22 0:00,oslo,2.142943,8.5,11.6
5/23/22 1:00,oslo,2.130112,8.899999618530273,11.4
5/23/22 2:00,oslo,2.07497,9.300000190734863,11.4
5/23/22 3:00,oslo,2.081322,9.600000381469728,11.2
5/23/22 4:00,oslo,2.080664,10.300000190734863,10.8
5/23/22 5:00,oslo,2.1229940000000007,11.199999809265137,10.6
5/23/22 6:00,oslo,2.272285000000001,12.100000381469728,10.7
5/23/22 7:00,oslo,2.476588,12.800000190734863,10.9
5/23/22 8:00,oslo,2.647015000000001,13.5,11.3
5/23/22 9:00,oslo,2.7362170000000003,13.699999809265137,11.2
5/23/22 10:00,oslo,2.766442,14.399999618530272,12.3
5/23/22 11:00,oslo,2.773917,14.699999809265137,12.5
5/23/22 12:00,oslo,2.776253999999999,16.0,13.4
5/23/22 13:00,oslo,2.8267,16.799999237060547,12.8
5/23/22 14:00,oslo,2.955458,16.799999237060547,14.8
5/23/22 15:00,oslo,3.063597000000001,16.200000762939453,15.9
5/23/22 16:00,oslo,3.179539,15.699999809265137,12.9
5/23/22 17:00,oslo,3.29481,15.699999809265137,14.0
5/23/22 18:00,oslo,3.2808660000000005,14.600000381469728,15.6
5/23/22 19:00,oslo,3.1890510000000005,14.199999809265137,13.5
5/23/22 20:00,oslo,3.1554200000000003,12.5,13.9
5/23/22 21:00,oslo,2.868812,12.0,13.2
5/23/22 22:00,oslo,2.559849,11.0,12.1
5/23/22 23:00,oslo,2.3273120000000005,11.199999809265137,11.8
5/24/22 0:00,oslo,2.179955,10.800000190734863,11.5
5/24/22 1:00,oslo,2.110605,10.199999809265137,11.3
5/24/22 2:00,oslo,2.104457,9.899999618530272,10.8
5/24/22 3:00,oslo,2.150562,10.399999618530272,10.3
5/24/22 4:00,oslo,2.360493,11.300000190734863,9.7
5/24/22 5:00,oslo,2.6708820000000006,12.0,9.0
5/24/22 6:00,oslo,2.5501950000000004,13.300000190734863,9.1
5/24/22 7:00,oslo,2.354912,15.0,9.1
5/24/22 8:00,oslo,2.289496,16.100000381469727,8.9
5/24/22 9:00,oslo,2.282991,16.700000762939453,9.0
5/24/22 10:00,oslo,2.28113,17.0,9.4
5/24/22 11:00,oslo,2.240988,16.100000381469727,10.9
5/24/22 12:00,oslo,2.235322,15.699999809265137,11.3
5/24/22 13:00,oslo,2.3999969999999995,12.300000190734863,12.7
5/24/22 14:00,oslo,2.689551,11.899999618530272,11.5
5/24/22 15:00,oslo,2.8513490000000004,12.300000190734863,14.1
5/24/22 16:00,oslo,2.824376,12.300000190734863,12.6
5/24/22 17:00,oslo,2.9264079999999995,12.399999618530272,15.1
5/24/22 18:00,oslo,3.0340140000000004,12.399999618530272,16.7
5/24/22 19:00,oslo,3.058168,12.199999809265137,16.5
5/24/22 20:00,oslo,2.9615580000000006,11.899999618530272,17.5
5/24/22 21:00,oslo,2.752426,11.100000381469728,13.5
5/24/22 22:00,oslo,2.438502000000001,10.399999618530272,13.2
5/24/22 23:00,oslo,2.186853,10.199999809265137,12.8
5/25/22 0:00,oslo,2.0973269999999995,9.699999809265137,12.0
5/25/22 1:00,oslo,2.032896,10.100000381469728,10.7
5/25/22 2:00,oslo,1.965736,10.100000381469728,9.8
5/25/22 3:00,oslo,2.032817,10.0,8.1
5/25/22 4:00,oslo,2.31323,10.0,7.7
5/25/22 5:00,oslo,2.576494,10.399999618530272,7.2
5/25/22 6:00,oslo,2.454543,10.899999618530272,6.4
5/25/22 7:00,oslo,2.27983,12.0,6.5
5/25/22 8:00,oslo,2.1606630000000004,13.100000381469728,8.0
5/25/22 9:00,oslo,2.1551980000000004,14.199999809265137,10.2
5/25/22 10:00,oslo,2.1504959999999995,14.699999809265137,11.2
5/25/22 11:00,oslo,2.1522710000000003,12.899999618530272,12.8
5/25/22 12:00,oslo,2.170261,13.899999618530272,14.3
5/25/22 13:00,oslo,2.347453,14.600000381469728,13.6
5/25/22 14:00,oslo,2.620039,13.199999809265137,13.6
5/25/22 15:00,oslo,2.700932,15.100000381469728,12.7
5/25/22 16:00,oslo,2.7580790000000004,15.800000190734863,11.7
5/25/22 17:00,oslo,2.824488,13.399999618530272,10.6
5/25/22 18:00,oslo,2.8558010000000005,12.899999618530272,9.6
5/25/22 19:00,oslo,2.951428,11.699999809265137,8.8
5/25/22 20:00,oslo,2.9382390000000003,10.699999809265137,9.6
5/25/22 21:00,oslo,2.7319729999999995,10.100000381469728,9.8
5/25/22 22:00,oslo,2.5035080000000014,9.300000190734863,10.6
5/25/22 23:00,oslo,2.248713,9.100000381469728,10.3
5/26/22 0:00,oslo,2.091109,9.0,11.0
5/26/22 1:00,oslo,2.0253690000000004,9.5,9.7
5/26/22 2:00,oslo,1.942887,9.199999809265137,10.4
5/26/22 3:00,oslo,1.988045,9.199999809265137,10.5
5/26/22 4:00,oslo,2.212941,9.199999809265137,10.6
5/26/22 5:00,oslo,2.576288000000001,9.199999809265137,10.7
5/26/22 6:00,oslo,2.501771,9.399999618530272,10.9
5/26/22 7:00,oslo,2.307754,10.399999618530272,10.7
5/26/22 8:00,oslo,2.226476999999999,10.199999809265137,11.6
5/26/22 9:00,oslo,2.2379199999999995,11.100000381469728,12.8
5/26/22 10:00,oslo,2.241808,13.800000190734863,13.3
5/26/22 11:00,oslo,2.235643,14.699999809265137,14.4
5/26/22 12:00,oslo,2.275614,15.300000190734863,14.5
5/26/22 13:00,oslo,2.432086,16.299999237060547,16.2
5/26/22 14:00,oslo,2.743829,17.299999237060547,15.3
5/26/22 15:00,oslo,2.8450609999999994,17.799999237060547,15.9
5/26/22 16:00,oslo,2.9652580000000004,17.600000381469727,16.8
5/26/22 17:00,oslo,3.031831,16.799999237060547,16.0
5/26/22 18:00,oslo,3.103732,15.399999618530272,15.8
5/26/22 19:00,oslo,3.14602,12.899999618530272,16.2
5/26/22 20:00,oslo,3.155496999999999,10.5,17.1
5/26/22 21:00,oslo,2.927894,10.199999809265137,17.0
5/26/22 22:00,oslo,2.5717870000000005,8.0,16.2
5/26/22 23:00,oslo,2.298597,7.0,14.4
5/27/22 0:00,oslo,2.191101000000001,5.800000190734863,12.7
5/27/22 1:00,oslo,2.0654970000000006,5.800000190734863,12.0
5/27/22 2:00,oslo,2.010873,4.900000095367432,10.5
5/27/22 3:00,oslo,2.076882,5.300000190734863,9.5
5/27/22 4:00,oslo,2.290925,7.300000190734863,8.2
5/27/22 5:00,oslo,2.685839000000001,9.100000381469728,6.4
5/27/22 6:00,oslo,2.569423,11.100000381469728,6.5
5/27/22 7:00,oslo,2.383048,12.100000381469728,6.9
5/27/22 8:00,oslo,2.360127,12.899999618530272,8.5
5/27/22 9:00,oslo,2.35077,13.5,10.0
5/27/22 10:00,oslo,2.332506,14.100000381469728,10.6
5/27/22 11:00,oslo,2.3368400000000005,14.100000381469728,11.1
5/27/22 12:00,oslo,2.426216,13.899999618530272,11.2
5/27/22 13:00,oslo,2.538259,12.600000381469728,11.5
5/27/22 14:00,oslo,2.791941,12.0,12.0
5/27/22 15:00,oslo,2.8500240000000003,10.300000190734863,12.1
5/27/22 16:00,oslo,2.9555800000000003,9.300000190734863,12.9
5/27/22 17:00,oslo,3.046792,9.600000381469728,12.6
5/27/22 18:00,oslo,3.086795000000001,10.100000381469728,12.4
5/27/22 19:00,oslo,3.16332,9.5,12.5
5/27/22 20:00,oslo,3.1742820000000007,9.399999618530272,12.0
5/27/22 21:00,oslo,2.980541000000001,9.5,11.3
5/27/22 22:00,oslo,2.73866,9.0,11.0
5/27/22 23:00,oslo,2.4189510000000003,8.800000190734863,10.5
5/28/22 0:00,oslo,2.2425749999999995,8.600000381469727,9.0
5/28/22 1:00,oslo,2.08929,10.100000381469728,9.0
5/28/22 2:00,oslo,2.0477959999999995,10.100000381469728,9.1
5/28/22 3:00,oslo,2.050267,10.100000381469728,8.4
5/28/22 4:00,oslo,2.2801730000000004,10.5,8.6
5/28/22 5:00,oslo,2.571731,11.300000190734863,8.7
5/28/22 6:00,oslo,2.546591,12.600000381469728,8.8
5/28/22 7:00,oslo,2.42007,13.699999809265137,9.1
5/28/22 8:00,oslo,2.3477200000000003,14.600000381469728,10.0
5/28/22 9:00,oslo,2.3594610000000005,14.899999618530272,12.2
5/28/22 10:00,oslo,2.3428450000000005,16.799999237060547,14.1
5/28/22 11:00,oslo,2.3345139999999995,17.100000381469727,13.6
5/28/22 12:00,oslo,2.3418280000000005,17.799999237060547,14.5
5/28/22 13:00,oslo,2.4915319999999994,17.100000381469727,14.0
5/28/22 14:00,oslo,2.6598780000000004,17.700000762939453,11.5
5/28/22 15:00,oslo,2.7839360000000006,17.0,12.8
5/28/22 16:00,oslo,2.7913619999999995,17.799999237060547,15.5
5/28/22 17:00,oslo,2.8558340000000006,17.200000762939453,14.5
5/28/22 18:00,oslo,2.8657660000000007,16.200000762939453,13.4
5/28/22 19:00,oslo,2.8319490000000003,14.399999618530272,14.1
5/28/22 20:00,oslo,2.746306,11.600000381469728,14.4
5/28/22 21:00,oslo,2.679279,9.5,14.3
5/28/22 22:00,oslo,2.583751000000001,8.5,14.2
5/28/22 23:00,oslo,2.345326,7.699999809265137,13.4
5/29/22 0:00,oslo,2.164088,6.900000095367432,12.3
5/29/22 1:00,oslo,2.062256,6.300000190734863,10.9
5/29/22 2:00,oslo,2.027928,5.699999809265137,11.2
5/29/22 3:00,oslo,1.992215,5.699999809265137,9.2
5/29/22 4:00,oslo,2.012828,7.0,9.5
5/29/22 5:00,oslo,2.088985,8.899999618530273,10.6
5/29/22 6:00,oslo,2.327779,10.600000381469728,10.1
5/29/22 7:00,oslo,2.6675530000000007,10.800000190734863,10.6
5/29/22 8:00,oslo,2.72229,10.5,11.6
5/29/22 9:00,oslo,2.657146,11.0,13.2
5/29/22 10:00,oslo,2.6264550000000004,11.5,14.6
5/29/22 11:00,oslo,2.524875,12.0,16.6
5/29/22 12:00,oslo,2.475422,12.0,16.7
5/29/22 13:00,oslo,2.3766889999999994,12.5,17.0
5/29/22 14:00,oslo,2.482044,12.800000190734863,16.0
5/29/22 15:00,oslo,2.572964999999999,12.399999618530272,16.5
5/29/22 16:00,oslo,2.63015,11.800000190734863,15.9
5/29/22 17:00,oslo,2.6320820000000005,11.399999618530272,16.6
5/29/22 18:00,oslo,2.607719999999999,10.399999618530272,16.9
5/29/22 19:00,oslo,2.569028999999999,10.0,16.3
5/29/22 20:00,oslo,2.553216,9.0,15.9
5/29/22 21:00,oslo,2.484948,8.199999809265137,15.7
5/29/22 22:00,oslo,2.317071,8.399999618530273,15.1
5/29/22 23:00,oslo,2.145628,8.5,13.8
5/30/22 0:00,oslo,2.007071,8.399999618530273,13.9
5/30/22 1:00,oslo,1.9393419999999992,8.100000381469727,12.9
5/30/22 2:00,oslo,1.831682,7.900000095367432,12.3
5/30/22 3:00,oslo,1.860915,8.199999809265137,11.7
5/30/22 4:00,oslo,1.8513030000000004,8.800000190734863,11.7
5/30/22 5:00,oslo,1.8919360000000005,9.399999618530272,11.3
5/30/22 6:00,oslo,2.084501,10.899999618530272,11.2
5/30/22 7:00,oslo,2.3895000000000004,12.600000381469728,11.4
5/30/22 8:00,oslo,2.565462,13.699999809265137,11.9
5/30/22 9:00,oslo,2.605245,14.800000190734863,12.5
5/30/22 10:00,oslo,2.557026,14.699999809265137,12.7
5/30/22 11:00,oslo,2.568462,14.800000190734863,13.4
5/30/22 12:00,oslo,2.4685130000000006,14.399999618530272,13.9
5/30/22 13:00,oslo,2.392631,15.699999809265137,14.4
5/30/22 14:00,oslo,2.470940999999999,16.0,14.9
5/30/22 15:00,oslo,2.4760220000000004,16.5,14.4
5/30/22 16:00,oslo,2.558225,14.800000190734863,14.7
5/30/22 17:00,oslo,2.623873,13.0,13.8
5/30/22 18:00,oslo,2.634658,13.699999809265137,13.7
5/30/22 19:00,oslo,2.619472000000001,13.0,13.6
5/30/22 20:00,oslo,2.649899000000001,12.100000381469728,13.3
5/30/22 21:00,oslo,2.521756,10.5,12.6
5/30/22 22:00,oslo,2.300025,10.0,12.1
5/30/22 23:00,oslo,2.057878,9.699999809265137,11.8
5/31/22 0:00,oslo,1.90654,8.899999618530273,11.9
5/31/22 1:00,oslo,1.825823,8.899999618530273,11.7
5/31/22 2:00,oslo,1.7671639999999995,8.800000190734863,11.6
5/31/22 3:00,oslo,1.7482110000000002,8.800000190734863,11.3
5/31/22 4:00,oslo,1.7608509999999995,9.600000381469728,11.2
5/31/22 5:00,oslo,1.85079,11.0,11.1
5/31/22 6:00,oslo,2.087298,12.300000190734863,11.1
5/31/22 7:00,oslo,2.4258769999999994,14.300000190734863,11.2
5/31/22 8:00,oslo,2.6769939999999988,15.5,11.4
5/31/22 9:00,oslo,2.8557429999999995,16.799999237060547,11.7
5/31/22 10:00,oslo,2.742785,16.5,12.4
5/31/22 11:00,oslo,2.709017,18.200000762939453,12.9
5/31/22 12:00,oslo,2.65071,17.299999237060547,12.4
5/31/22 13:00,oslo,2.681405999999999,16.0,12.9
5/31/22 14:00,oslo,2.727664,16.0,13.3
5/31/22 15:00,oslo,2.681735,16.299999237060547,13.3
5/31/22 16:00,oslo,2.777086,15.600000381469728,12.7
5/31/22 17:00,oslo,2.928221,14.899999618530272,12.8
5/31/22 18:00,oslo,3.028287,14.300000190734863,14.1
5/31/22 19:00,oslo,3.061777,14.0,14.5
5/31/22 20:00,oslo,2.9884659999999994,12.699999809265137,15.4
5/31/22 21:00,oslo,2.730972999999999,12.0,14.7
5/31/22 22:00,oslo,2.3845740000000006,11.300000190734863,14.2
5/31/22 23:00,oslo,1.989074,10.300000190734863,13.2
6/1/22 0:00,oslo,1.880485,9.600000381469728,11.9
6/1/22 1:00,oslo,1.7887309999999998,10.300000190734863,12.0
6/1/22 2:00,oslo,1.7249310000000002,10.0,11.5
6/1/22 3:00,oslo,1.791122,10.300000190734863,11.3
6/1/22 4:00,oslo,2.027597,10.600000381469728,10.7
6/1/22 5:00,oslo,2.38608,11.399999618530272,10.7
6/1/22 6:00,oslo,2.3149180000000005,12.300000190734863,10.4
6/1/22 7:00,oslo,2.084766,12.399999618530272,10.5
6/1/22 8:00,oslo,2.044473,14.0,11.6
6/1/22 9:00,oslo,2.047533,14.600000381469728,13.0
6/1/22 10:00,oslo,2.001039,14.5,14.9
6/1/22 11:00,oslo,1.994003,15.300000190734863,15.1
6/1/22 12:00,oslo,2.043417,14.0,15.4
6/1/22 13:00,oslo,2.2412960000000006,13.199999809265137,16.7
6/1/22 14:00,oslo,2.5542609999999994,14.0,16.1
6/1/22 15:00,oslo,2.746093000000001,14.5,17.6
6/1/22 16:00,oslo,2.788167,14.199999809265137,18.6
6/1/22 17:00,oslo,2.774595,13.600000381469728,13.2
6/1/22 18:00,oslo,2.889585,13.100000381469728,16.2
6/1/22 19:00,oslo,2.916806,12.600000381469728,14.9
6/1/22 20:00,oslo,2.915144,11.5,15.3
6/1/22 21:00,oslo,2.6527610000000004,10.699999809265137,13.9
6/1/22 22:00,oslo,2.3153960000000007,9.899999618530272,12.7
6/1/22 23:00,oslo,2.0574830000000004,9.899999618530272,12.3
6/2/22 0:00,oslo,1.8800290000000004,10.100000381469728,11.9
6/2/22 1:00,oslo,1.809265,10.5,11.2
6/2/22 2:00,oslo,1.7918969999999996,10.800000190734863,10.9
6/2/22 3:00,oslo,1.798827,11.199999809265137,10.4
6/2/22 4:00,oslo,2.020985,11.5,9.8
6/2/22 5:00,oslo,2.4201170000000003,11.899999618530272,8.8
6/2/22 6:00,oslo,2.314372000000001,12.699999809265137,8.7
6/2/22 7:00,oslo,2.184787,13.0,10.1
6/2/22 8:00,oslo,2.1224760000000003,14.0,12.2
6/2/22 9:00,oslo,2.190834,15.100000381469728,13.6
6/2/22 10:00,oslo,2.14923,15.399999618530272,15.1
6/2/22 11:00,oslo,2.150552,14.899999618530272,16.0
6/2/22 12:00,oslo,2.1994620000000005,13.899999618530272,17.2
6/2/22 13:00,oslo,2.368837000000001,14.100000381469728,17.8
6/2/22 14:00,oslo,2.672485,14.0,18.8
6/2/22 15:00,oslo,2.800332,15.199999809265137,20.0
6/2/22 16:00,oslo,2.8009610000000005,15.800000190734863,20.1
6/2/22 17:00,oslo,2.834887999999999,15.399999618530272,20.6
6/2/22 18:00,oslo,2.9193960000000003,15.100000381469728,20.7
6/2/22 19:00,oslo,3.049335,13.5,20.1
6/2/22 20:00,oslo,3.0378739999999995,12.600000381469728,18.9
6/2/22 21:00,oslo,2.8380149999999995,11.399999618530272,17.8
6/2/22 22:00,oslo,2.49016,10.300000190734863,17.3
6/2/22 23:00,oslo,2.1344860000000008,8.899999618530273,15.9
6/3/22 0:00,oslo,1.949053,8.199999809265137,14.5
6/3/22 1:00,oslo,1.856616,8.399999618530273,13.4
6/3/22 2:00,oslo,1.7658220000000002,8.800000190734863,12.5
6/3/22 3:00,oslo,1.788299,8.899999618530273,12.2
6/3/22 4:00,oslo,2.042151,9.5,11.2
6/3/22 5:00,oslo,2.410924,11.199999809265137,10.3
6/3/22 6:00,oslo,2.326331,13.699999809265137,9.6
6/3/22 7:00,oslo,2.219854,15.5,11.0
6/3/22 8:00,oslo,2.214498,17.0,12.0
6/3/22 9:00,oslo,2.15469,17.700000762939453,14.4
6/3/22 10:00,oslo,2.132657,17.299999237060547,15.9
6/3/22 11:00,oslo,2.128791,16.700000762939453,16.8
6/3/22 12:00,oslo,2.2241539999999995,17.799999237060547,17.9
6/3/22 13:00,oslo,2.34369,19.399999618530277,18.4
6/3/22 14:00,oslo,2.568222,17.200000762939453,20.3
6/3/22 15:00,oslo,2.7648999999999995,17.0,20.5
6/3/22 16:00,oslo,2.7806580000000003,17.399999618530273,20.6
6/3/22 17:00,oslo,2.867967,17.399999618530273,21.4
6/3/22 18:00,oslo,2.936123,16.5,21.4
6/3/22 19:00,oslo,2.9585630000000007,14.800000190734863,21.4
6/3/22 20:00,oslo,2.946672,13.5,21.3
6/3/22 21:00,oslo,2.779969,11.699999809265137,20.7
6/3/22 22:00,oslo,2.443682000000001,10.800000190734863,20.0
6/3/22 23:00,oslo,2.1449929999999995,10.300000190734863,17.5
6/4/22 0:00,oslo,1.949747,9.699999809265137,16.4
6/4/22 1:00,oslo,1.8949720000000003,9.199999809265137,14.4
6/4/22 2:00,oslo,1.788721,8.899999618530273,12.6
6/4/22 3:00,oslo,1.7826100000000005,9.300000190734863,12.6
6/4/22 4:00,oslo,2.031743,11.100000381469728,11.9
6/4/22 5:00,oslo,2.399723999999999,13.100000381469728,12.6
6/4/22 6:00,oslo,2.424795,15.399999618530272,12.3
6/4/22 7:00,oslo,2.2998730000000007,16.399999618530273,13.7
6/4/22 8:00,oslo,2.2400769999999994,17.5,14.5
6/4/22 9:00,oslo,2.2546319999999995,17.799999237060547,15.5
6/4/22 10:00,oslo,2.248661,17.700000762939453,17.1
6/4/22 11:00,oslo,2.309414,19.200000762939453,18.7
6/4/22 12:00,oslo,2.3422070000000006,20.100000381469727,19.4
6/4/22 13:00,oslo,2.4491210000000008,20.0,20.5
6/4/22 14:00,oslo,2.713451,20.399999618530277,21.7
6/4/22 15:00,oslo,2.807961,20.600000381469727,22.5
6/4/22 16:00,oslo,2.757131,19.799999237060547,23.2
6/4/22 17:00,oslo,2.677597,18.899999618530277,23.8
6/4/22 18:00,oslo,2.712453,17.600000381469727,23.6
6/4/22 19:00,oslo,2.6608410000000005,16.799999237060547,24.0
6/4/22 20:00,oslo,2.7048280000000005,15.0,24.0
6/4/22 21:00,oslo,2.6137120000000005,13.199999809265137,23.0
6/4/22 22:00,oslo,2.414197,12.300000190734863,20.8
6/4/22 23:00,oslo,2.1822459999999992,11.199999809265137,20.0
6/5/22 0:00,oslo,2.002504,10.300000190734863,18.5
6/5/22 1:00,oslo,1.865441,10.5,17.4
6/5/22 2:00,oslo,1.816234,10.600000381469728,16.4
6/5/22 3:00,oslo,1.7661829999999998,10.100000381469728,15.7
6/5/22 4:00,oslo,1.7950419999999996,11.800000190734863,15.7
6/5/22 5:00,oslo,1.943482,13.5,14.9
6/5/22 6:00,oslo,2.182704,15.300000190734863,14.8
6/5/22 7:00,oslo,2.537728,16.5,14.9
6/5/22 8:00,oslo,2.791505000000001,18.100000381469727,15.1
6/5/22 9:00,oslo,2.7806180000000005,19.5,15.5
6/5/22 10:00,oslo,2.859083,20.700000762939453,16.6
6/5/22 11:00,oslo,2.8324319999999994,21.700000762939453,17.6
6/5/22 12:00,oslo,2.915421,22.600000381469727,18.0
6/5/22 13:00,oslo,2.849457,22.5,17.6
6/5/22 14:00,oslo,2.815229,22.299999237060547,17.3
6/5/22 15:00,oslo,2.8885930000000006,22.100000381469727,18.6
6/5/22 16:00,oslo,2.915061000000001,21.799999237060547,19.4
6/5/22 17:00,oslo,2.94316,21.399999618530277,20.3
6/5/22 18:00,oslo,2.852304,20.200000762939453,20.4
6/5/22 19:00,oslo,2.712315999999999,18.799999237060547,15.1
6/5/22 20:00,oslo,2.687012,16.0,16.3
6/5/22 21:00,oslo,2.6277910000000007,14.300000190734863,16.4
6/5/22 22:00,oslo,2.4013,11.899999618530272,16.2
6/5/22 23:00,oslo,2.186879,11.199999809265137,15.8
6/6/22 0:00,oslo,2.026291,10.899999618530272,15.5
6/6/22 1:00,oslo,1.900072,10.800000190734863,15.3
6/6/22 2:00,oslo,1.8022310000000004,10.699999809265137,14.0
6/6/22 3:00,oslo,1.782176,11.100000381469728,13.9
6/6/22 4:00,oslo,1.814367,12.5,13.7
6/6/22 5:00,oslo,1.904956,14.100000381469728,13.7
6/6/22 6:00,oslo,2.151371,16.0,13.8
6/6/22 7:00,oslo,2.4468070000000006,18.200000762939453,13.9
6/6/22 8:00,oslo,2.7073460000000003,20.100000381469727,13.8
6/6/22 9:00,oslo,2.907736,21.799999237060547,13.5
6/6/22 10:00,oslo,2.949806,23.0,14.6
6/6/22 11:00,oslo,3.102349,23.899999618530277,14.0
6/6/22 12:00,oslo,3.204461,24.200000762939453,15.7
6/6/22 13:00,oslo,3.1129459999999995,24.700000762939453,16.5
6/6/22 14:00,oslo,3.136468,24.299999237060547,14.8
6/6/22 15:00,oslo,3.1602369999999995,24.100000381469727,13.5
6/6/22 16:00,oslo,3.227433,23.600000381469727,18.0
6/6/22 17:00,oslo,3.187614,22.899999618530277,18.4
6/6/22 18:00,oslo,3.1601059999999994,21.600000381469727,17.7
6/6/22 19:00,oslo,3.131125,20.100000381469727,15.7
6/6/22 20:00,oslo,3.001899,17.600000381469727,16.8
6/6/22 21:00,oslo,2.803301999999999,15.800000190734863,16.1
6/6/22 22:00,oslo,2.448755,15.199999809265137,16.9
6/6/22 23:00,oslo,2.21387,14.100000381469728,15.5
6/7/22 0:00,oslo,2.030065,13.5,14.5
6/7/22 1:00,oslo,1.969069,13.100000381469728,13.7
6/7/22 2:00,oslo,1.879674,12.699999809265137,13.0
6/7/22 3:00,oslo,1.938813,13.0,13.0
6/7/22 4:00,oslo,2.1930340000000004,13.699999809265137,13.1
6/7/22 5:00,oslo,2.611085,14.800000190734863,13.1
6/7/22 6:00,oslo,2.488402,16.700000762939453,13.3
6/7/22 7:00,oslo,2.286747,17.899999618530273,13.5
6/7/22 8:00,oslo,2.2375130000000003,19.0,13.5
6/7/22 9:00,oslo,2.154606,19.0,13.6
6/7/22 10:00,oslo,2.108557,19.0,13.8
6/7/22 11:00,oslo,2.1485259999999995,18.600000381469727,14.3
6/7/22 12:00,oslo,2.1946810000000005,19.0,14.1
6/7/22 13:00,oslo,2.3622940000000003,20.600000381469727,14.5
6/7/22 14:00,oslo,2.775293,20.0,14.4
6/7/22 15:00,oslo,2.850379,20.299999237060547,14.9
6/7/22 16:00,oslo,2.822493,20.0,15.8
6/7/22 17:00,oslo,2.916485,15.5,17.4
6/7/22 18:00,oslo,3.0101850000000008,15.199999809265137,17.7
6/7/22 19:00,oslo,3.078719,14.899999618530272,17.7
6/7/22 20:00,oslo,2.9346129999999992,14.0,16.9
6/7/22 21:00,oslo,2.763418,13.699999809265137,16.6
6/7/22 22:00,oslo,2.40498,13.5,16.2
6/7/22 23:00,oslo,2.105111,13.199999809265137,16.0
6/8/22 0:00,oslo,1.9875190000000005,12.600000381469728,15.3
6/8/22 1:00,oslo,1.9081490000000003,12.899999618530272,14.8
6/8/22 2:00,oslo,1.8945,13.399999618530272,14.1
6/8/22 3:00,oslo,1.8882530000000004,12.899999618530272,14.2
6/8/22 4:00,oslo,2.1361870000000005,12.899999618530272,14.1
6/8/22 5:00,oslo,2.453522,12.899999618530272,14.0
6/8/22 6:00,oslo,2.374905,13.0,14.1
6/8/22 7:00,oslo,2.183996,14.199999809265137,14.3
6/8/22 8:00,oslo,2.1163320000000003,14.199999809265137,14.5
6/8/22 9:00,oslo,2.0768230000000005,15.600000381469728,14.3
6/8/22 10:00,oslo,2.0679730000000003,16.399999618530273,15.1
6/8/22 11:00,oslo,2.063821,16.899999618530273,15.6
6/8/22 12:00,oslo,2.098526,17.0,15.6
6/8/22 13:00,oslo,2.2901170000000004,15.0,16.4
6/8/22 14:00,oslo,2.5732830000000004,17.0,16.6
6/8/22 15:00,oslo,2.729145000000001,17.799999237060547,17.5
6/8/22 16:00,oslo,2.7019709999999995,17.5,19.9
6/8/22 17:00,oslo,2.806627999999999,17.200000762939453,19.4
6/8/22 18:00,oslo,2.909895000000001,16.600000381469727,18.6
6/8/22 19:00,oslo,2.9369430000000003,15.0,17.0
6/8/22 20:00,oslo,2.961879000000001,13.199999809265137,17.6
6/8/22 21:00,oslo,2.8192629999999994,11.600000381469728,17.4
6/8/22 22:00,oslo,2.474303,11.199999809265137,16.1
6/8/22 23:00,oslo,2.1757349999999995,10.399999618530272,14.9
6/9/22 0:00,oslo,1.979658,9.899999618530272,14.8
6/9/22 1:00,oslo,1.89236,10.800000190734863,14.5
6/9/22 2:00,oslo,1.7882429999999998,11.199999809265137,14.2
6/9/22 3:00,oslo,1.871979,11.399999618530272,14.0
6/9/22 4:00,oslo,2.0970800000000005,11.800000190734863,13.3
6/9/22 5:00,oslo,2.4097380000000004,12.300000190734863,13.2
6/9/22 6:00,oslo,2.372704,13.199999809265137,12.9
6/9/22 7:00,oslo,2.178776,14.899999618530272,12.8
6/9/22 8:00,oslo,2.104382,15.699999809265137,13.2
6/9/22 9:00,oslo,2.12186,17.0,14.1
6/9/22 10:00,oslo,2.0771720000000005,18.299999237060547,15.2
6/9/22 11:00,oslo,2.064298,18.899999618530277,16.9
6/9/22 12:00,oslo,2.1086279999999995,20.0,18.6
6/9/22 13:00,oslo,2.3161600000000004,18.299999237060547,18.3
6/9/22 14:00,oslo,2.576987,18.700000762939453,16.5
6/9/22 15:00,oslo,2.690664,18.399999618530277,18.1
6/9/22 16:00,oslo,2.746331,17.700000762939453,15.7
6/9/22 17:00,oslo,2.742893,17.299999237060547,14.5
6/9/22 18:00,oslo,2.898813,16.799999237060547,14.6
6/9/22 19:00,oslo,2.9701570000000004,15.800000190734863,14.5
6/9/22 20:00,oslo,2.9735080000000003,14.800000190734863,13.8
6/9/22 21:00,oslo,2.756076,13.899999618530272,13.0
6/9/22 22:00,oslo,2.395425,13.199999809265137,13.1
6/9/22 23:00,oslo,2.192851,13.5,13.5
6/10/22 0:00,oslo,1.9800200000000008,13.100000381469728,13.2
6/10/22 1:00,oslo,1.839458,12.600000381469728,12.6
6/10/22 2:00,oslo,1.7347820000000005,11.5,12.4
6/10/22 3:00,oslo,1.817972,12.100000381469728,12.5
6/10/22 4:00,oslo,2.02094,13.600000381469728,12.4
6/10/22 5:00,oslo,2.366239,14.899999618530272,12.2
6/10/22 6:00,oslo,2.363327,16.200000762939453,12.2
6/10/22 7:00,oslo,2.2013570000000007,16.799999237060547,12.3
6/10/22 8:00,oslo,2.121645,16.899999618530273,12.4
6/10/22 9:00,oslo,2.1335399999999995,17.399999618530273,13.1
6/10/22 10:00,oslo,2.12056,18.200000762939453,14.1
6/10/22 11:00,oslo,2.1879670000000004,19.0,15.7
6/10/22 12:00,oslo,2.203173,19.399999618530277,16.8
6/10/22 13:00,oslo,2.310296,19.100000381469727,16.8
6/10/22 14:00,oslo,2.535031,19.799999237060547,16.6
6/10/22 15:00,oslo,2.649627,19.299999237060547,17.2
6/10/22 16:00,oslo,2.6395149999999994,18.700000762939453,17.2
6/10/22 17:00,oslo,2.739066,17.799999237060547,18.2
6/10/22 18:00,oslo,2.894806,16.899999618530273,17.8
6/10/22 19:00,oslo,2.938873000000001,15.399999618530272,17.9
6/10/22 20:00,oslo,2.963613,14.199999809265137,16.1
6/10/22 21:00,oslo,2.8431199999999994,13.899999618530272,15.5
6/10/22 22:00,oslo,2.4967649999999995,13.300000190734863,15.8
6/10/22 23:00,oslo,2.174445,13.100000381469728,14.3
6/11/22 0:00,oslo,2.0012850000000006,13.199999809265137,14.2
6/11/22 1:00,oslo,1.865495,13.699999809265137,13.4
6/11/22 2:00,oslo,1.806629,13.399999618530272,13.1
6/11/22 3:00,oslo,1.8177650000000003,13.300000190734863,12.7
6/11/22 4:00,oslo,1.97834,13.199999809265137,12.3
6/11/22 5:00,oslo,2.3735789999999994,13.699999809265137,11.4
6/11/22 6:00,oslo,2.341442,15.100000381469728,10.6
6/11/22 7:00,oslo,2.179493,17.100000381469727,11.4
6/11/22 8:00,oslo,2.144822,18.5,12.5
6/11/22 9:00,oslo,2.161247,19.700000762939453,13.2
6/11/22 10:00,oslo,2.13478,20.299999237060547,14.3
6/11/22 11:00,oslo,2.1683110000000005,17.600000381469727,15.9
6/11/22 12:00,oslo,2.179331,17.799999237060547,16.5
6/11/22 13:00,oslo,2.2782370000000003,18.600000381469727,17.9
6/11/22 14:00,oslo,2.5907060000000004,18.5,18.1
6/11/22 15:00,oslo,2.797678,18.100000381469727,17.8
6/11/22 16:00,oslo,2.880592,17.700000762939453,18.5
6/11/22 17:00,oslo,2.897800000000001,17.0,17.8
6/11/22 18:00,oslo,2.886117,16.5,16.4
6/11/22 19:00,oslo,2.8561110000000003,15.699999809265137,18.4
6/11/22 20:00,oslo,2.7306660000000003,14.399999618530272,18.2
6/11/22 21:00,oslo,2.6267140000000007,13.199999809265137,16.0
6/11/22 22:00,oslo,2.465399,12.699999809265137,15.3
6/11/22 23:00,oslo,2.263766,12.100000381469728,14.7
6/12/22 0:00,oslo,2.064097,11.5,13.4
6/12/22 1:00,oslo,1.920078,11.5,12.4
6/12/22 2:00,oslo,1.807284,11.199999809265137,12.6
6/12/22 3:00,oslo,1.764931,11.399999618530272,12.3
6/12/22 4:00,oslo,1.814798,12.300000190734863,12.4
6/12/22 5:00,oslo,1.988799,13.199999809265137,12.0
6/12/22 6:00,oslo,2.312146,14.600000381469728,12.6
6/12/22 7:00,oslo,2.58354,15.199999809265137,13.8
6/12/22 8:00,oslo,2.780663,16.700000762939453,14.8
6/12/22 9:00,oslo,2.840062,18.299999237060547,15.7
6/12/22 10:00,oslo,2.797423,19.5,18.0
6/12/22 11:00,oslo,2.703581999999999,17.600000381469727,18.1
6/12/22 12:00,oslo,2.613776999999999,17.299999237060547,18.6
6/12/22 13:00,oslo,2.4876309999999995,18.700000762939453,19.8
6/12/22 14:00,oslo,2.5497499999999995,20.0,20.1
6/12/22 15:00,oslo,2.647913999999999,19.799999237060547,20.4
6/12/22 16:00,oslo,2.744359,16.799999237060547,21.3
6/12/22 17:00,oslo,2.801899,16.0,20.6
6/12/22 18:00,oslo,2.692516,15.899999618530272,20.9
6/12/22 19:00,oslo,2.628288,15.199999809265137,21.2
6/12/22 20:00,oslo,2.5240490000000007,14.100000381469728,21.1
6/12/22 21:00,oslo,2.467776,12.699999809265137,20.2
6/12/22 22:00,oslo,2.380578,11.5,20.1
6/12/22 23:00,oslo,2.183847,10.800000190734863,19.0
6/13/22 0:00,oslo,2.013274,10.5,17.8
6/13/22 1:00,oslo,1.942098,10.699999809265137,17.1
6/13/22 2:00,oslo,1.899857,10.800000190734863,15.6
6/13/22 3:00,oslo,1.8698120000000005,11.100000381469728,15.0
6/13/22 4:00,oslo,1.856337,11.5,14.2
6/13/22 5:00,oslo,1.943615,12.699999809265137,13.8
6/13/22 6:00,oslo,2.273639,14.199999809265137,12.7
6/13/22 7:00,oslo,2.5497890000000005,16.100000381469727,13.3
6/13/22 8:00,oslo,2.819431,17.100000381469727,14.5
6/13/22 9:00,oslo,2.878534,18.0,15.5
6/13/22 10:00,oslo,2.8857100000000004,18.700000762939453,17.0
6/13/22 11:00,oslo,2.7865020000000005,19.5,16.8
6/13/22 12:00,oslo,2.692757,20.600000381469727,18.0
6/13/22 13:00,oslo,2.674965,20.399999618530277,19.5
6/13/22 14:00,oslo,2.8246920000000006,20.799999237060547,20.8
6/13/22 15:00,oslo,2.9182649999999994,20.899999618530277,20.4
6/13/22 16:00,oslo,3.064061,18.700000762939453,20.4
6/13/22 17:00,oslo,3.105842000000001,17.299999237060547,20.9
6/13/22 18:00,oslo,3.117099999999999,16.899999618530273,20.8
6/13/22 19:00,oslo,3.1086940000000007,16.5,20.2
6/13/22 20:00,oslo,2.991683,14.800000190734863,19.8
6/13/22 21:00,oslo,2.822144,13.399999618530272,18.2
6/13/22 22:00,oslo,2.493794,12.899999618530272,17.6
6/13/22 23:00,oslo,2.232669,12.300000190734863,16.6
6/14/22 0:00,oslo,2.043368,11.600000381469728,15.9
6/14/22 1:00,oslo,2.002972,11.600000381469728,15.3
6/14/22 2:00,oslo,1.870641,11.199999809265137,14.7
6/14/22 3:00,oslo,1.916773,11.5,14.1
6/14/22 4:00,oslo,2.1577680000000004,12.600000381469728,13.7
6/14/22 5:00,oslo,2.398656999999999,14.300000190734863,13.4
6/14/22 6:00,oslo,2.373708,16.200000762939453,13.3
6/14/22 7:00,oslo,2.218176,18.299999237060547,13.7
6/14/22 8:00,oslo,2.1965980000000003,19.600000381469727,14.4
6/14/22 9:00,oslo,2.2121730000000004,20.299999237060547,15.0
6/14/22 10:00,oslo,2.124048,20.899999618530277,15.7
6/14/22 11:00,oslo,2.1917349999999995,21.5,16.7
6/14/22 12:00,oslo,2.1833540000000005,22.100000381469727,16.0
6/14/22 13:00,oslo,2.252883,21.899999618530277,17.8
6/14/22 14:00,oslo,2.565883999999999,21.700000762939453,16.7
6/14/22 15:00,oslo,2.687979,21.299999237060547,18.5
6/14/22 16:00,oslo,2.675069,21.200000762939453,19.3
6/14/22 17:00,oslo,2.758956,20.5,21.2
6/14/22 18:00,oslo,2.799116,19.0,21.8
6/14/22 19:00,oslo,2.9114119999999994,17.899999618530273,21.8
6/14/22 20:00,oslo,3.061897,15.699999809265137,20.8
6/14/22 21:00,oslo,2.851679,14.0,18.3
6/14/22 22:00,oslo,2.449527000000001,13.800000190734863,17.2
6/14/22 23:00,oslo,2.1280169999999994,13.399999618530272,16.5
6/15/22 0:00,oslo,1.9578280000000003,12.699999809265137,15.0
6/15/22 1:00,oslo,1.877211,12.600000381469728,14.3
6/15/22 2:00,oslo,1.797392,12.399999618530272,13.9
6/15/22 3:00,oslo,1.842134,12.600000381469728,12.9
6/15/22 4:00,oslo,2.0151320000000004,13.699999809265137,12.0
6/15/22 5:00,oslo,2.2673270000000003,15.300000190734863,12.1
6/15/22 6:00,oslo,2.244269,16.899999618530273,11.9
6/15/22 7:00,oslo,2.16632,17.700000762939453,14.0
6/15/22 8:00,oslo,2.1660460000000006,19.100000381469727,15.5
6/15/22 9:00,oslo,2.1970109999999994,20.100000381469727,16.3
6/15/22 10:00,oslo,2.1671720000000003,20.399999618530277,17.8
6/15/22 11:00,oslo,2.119648,21.600000381469727,19.2
6/15/22 12:00,oslo,2.137283,21.600000381469727,19.8
6/15/22 13:00,oslo,2.2805790000000004,20.700000762939453,20.4
6/15/22 14:00,oslo,2.6193320000000004,20.0,20.9
6/15/22 15:00,oslo,2.784743,19.200000762939453,20.9
6/15/22 16:00,oslo,2.793475,19.399999618530277,20.0
6/15/22 17:00,oslo,2.928766,18.799999237060547,19.4
6/15/22 18:00,oslo,2.906524,18.0,18.1
6/15/22 19:00,oslo,2.945118,16.799999237060547,17.3
6/15/22 20:00,oslo,2.927108,15.800000190734863,15.6
6/15/22 21:00,oslo,2.72702,14.800000190734863,13.9
6/15/22 22:00,oslo,2.379197,14.300000190734863,13.8
6/15/22 23:00,oslo,2.142148,13.699999809265137,14.1
6/16/22 0:00,oslo,1.951065,13.100000381469728,14.3
6/16/22 1:00,oslo,1.852926,13.899999618530272,14.5
6/16/22 2:00,oslo,1.743149,13.600000381469728,14.6
6/16/22 3:00,oslo,1.7980139999999998,13.699999809265137,14.4
6/16/22 4:00,oslo,1.990291,14.399999618530272,14.2
6/16/22 5:00,oslo,2.2271140000000007,15.300000190734863,14.0
6/16/22 6:00,oslo,2.263643,16.799999237060547,13.7
6/16/22 7:00,oslo,2.181594,17.100000381469727,13.9
6/16/22 8:00,oslo,2.155698,18.399999618530277,14.4
6/16/22 9:00,oslo,2.178540000000001,20.100000381469727,15.1
6/16/22 10:00,oslo,2.2180740000000005,21.100000381469727,16.3
6/16/22 11:00,oslo,2.1421169999999994,20.899999618530277,16.5
6/16/22 12:00,oslo,2.131491,21.600000381469727,16.9
6/16/22 13:00,oslo,2.296322,23.0,18.0
6/16/22 14:00,oslo,2.587908,23.399999618530277,18.1
6/16/22 15:00,oslo,2.7032810000000005,23.399999618530277,18.8
6/16/22 16:00,oslo,2.72567,23.200000762939453,19.9
6/16/22 17:00,oslo,2.769928,21.899999618530277,19.7
6/16/22 18:00,oslo,2.8225720000000005,19.600000381469727,18.8
6/16/22 19:00,oslo,2.902143,17.0,19.5
6/16/22 20:00,oslo,2.915815,15.699999809265137,18.2
6/16/22 21:00,oslo,2.7609310000000007,14.800000190734863,18.2
6/16/22 22:00,oslo,2.417786000000001,13.699999809265137,16.6
6/16/22 23:00,oslo,2.130373,13.800000190734863,15.2
6/17/22 0:00,oslo,1.947556,13.5,13.9
6/17/22 1:00,oslo,1.857217,12.199999809265137,13.1
6/17/22 2:00,oslo,1.7688560000000002,12.600000381469728,12.0
6/17/22 3:00,oslo,1.809639,12.800000190734863,11.2
6/17/22 4:00,oslo,1.9783230000000005,14.0,10.9
6/17/22 5:00,oslo,2.2296179999999994,15.899999618530272,10.1
6/17/22 6:00,oslo,2.2044810000000004,17.5,9.6
6/17/22 7:00,oslo,2.1987299999999994,19.299999237060547,10.3
6/17/22 8:00,oslo,2.1608080000000007,20.700000762939453,11.1
6/17/22 9:00,oslo,2.147144999999999,21.899999618530277,12.3
6/17/22 10:00,oslo,2.144475,22.5,13.2
6/17/22 11:00,oslo,2.086276,21.399999618530277,14.4
6/17/22 12:00,oslo,2.086044,21.5,15.4
6/17/22 13:00,oslo,2.2630980000000007,20.700000762939453,16.3
6/17/22 14:00,oslo,2.4836580000000006,19.5,17.2
6/17/22 15:00,oslo,2.649367,18.399999618530277,18.0
6/17/22 16:00,oslo,2.656526,17.799999237060547,18.4
6/17/22 17:00,oslo,2.6573999999999995,15.699999809265137,17.2
6/17/22 18:00,oslo,2.686809,13.800000190734863,17.7
6/17/22 19:00,oslo,2.786889,13.899999618530272,16.9
6/17/22 20:00,oslo,2.8060050000000003,14.0,16.5
6/17/22 21:00,oslo,2.6912060000000007,14.0,16.0
6/17/22 22:00,oslo,2.427079,13.600000381469728,15.2
6/17/22 23:00,oslo,2.212226,13.300000190734863,14.9
6/18/22 0:00,oslo,1.969336,13.300000190734863,14.4
6/18/22 1:00,oslo,1.857831,12.800000190734863,13.4
6/18/22 2:00,oslo,1.776194,12.5,12.9
6/18/22 3:00,oslo,1.728693,12.5,12.5
6/18/22 4:00,oslo,1.876359,13.0,11.3
6/18/22 5:00,oslo,2.19128,14.100000381469728,11.1
6/18/22 6:00,oslo,2.290655000000001,15.899999618530272,11.2
6/18/22 7:00,oslo,2.1933310000000006,18.100000381469727,12.2
6/18/22 8:00,oslo,2.181713,18.899999618530277,14.4
6/18/22 9:00,oslo,2.174296,19.5,14.9
6/18/22 10:00,oslo,2.2075399999999994,20.200000762939453,16.4
6/18/22 11:00,oslo,2.158993,21.0,16.8
6/18/22 12:00,oslo,2.164959,21.600000381469727,18.8
6/18/22 13:00,oslo,2.207078,21.5,18.3
6/18/22 14:00,oslo,2.3955850000000005,21.799999237060547,20.1
6/18/22 15:00,oslo,2.569015,21.200000762939453,20.1
6/18/22 16:00,oslo,2.523444,19.899999618530277,21.2
6/18/22 17:00,oslo,2.538103,18.799999237060547,22.1
6/18/22 18:00,oslo,2.5431190000000004,18.0,22.6
6/18/22 19:00,oslo,2.5417179999999995,15.699999809265137,23.5
6/18/22 20:00,oslo,2.543198,14.0,22.3
6/18/22 21:00,oslo,2.496791,12.199999809265137,22.1
6/18/22 22:00,oslo,2.3474280000000003,11.0,20.5
6/18/22 23:00,oslo,2.156076,10.199999809265137,19.1
6/19/22 0:00,oslo,1.9624000000000004,9.699999809265137,17.9
6/19/22 1:00,oslo,1.781615,9.100000381469728,16.3
6/19/22 2:00,oslo,1.659067,8.899999618530273,15.1
6/19/22 3:00,oslo,1.6006700000000005,9.199999809265137,14.2
6/19/22 4:00,oslo,1.638589,10.899999618530272,13.0
6/19/22 5:00,oslo,1.7526989999999998,12.399999618530272,12.8
6/19/22 6:00,oslo,1.971006,14.0,11.9
6/19/22 7:00,oslo,2.2069999999999994,15.600000381469728,13.3
6/19/22 8:00,oslo,2.4491620000000003,16.700000762939453,14.1
6/19/22 9:00,oslo,2.4922379999999995,17.700000762939453,15.4
6/19/22 10:00,oslo,2.435192,18.700000762939453,16.2
6/19/22 11:00,oslo,2.313144,19.399999618530277,17.2
6/19/22 12:00,oslo,2.2732620000000003,18.899999618530277,18.8
6/19/22 13:00,oslo,2.3180089999999995,19.0,18.5
6/19/22 14:00,oslo,2.4259510000000004,19.600000381469727,18.0
6/19/22 15:00,oslo,2.4925790000000005,18.899999618530277,18.2
6/19/22 16:00,oslo,2.491312,17.200000762939453,18.0
6/19/22 17:00,oslo,2.572104,16.899999618530273,18.5
6/19/22 18:00,oslo,2.5244860000000005,16.899999618530273,19.4
6/19/22 19:00,oslo,2.480471,15.699999809265137,19.6
6/19/22 20:00,oslo,2.412415,13.899999618530272,19.5
6/19/22 21:00,oslo,2.366102,13.199999809265137,18.9
6/19/22 22:00,oslo,2.213219,13.5,18.3
6/19/22 23:00,oslo,2.025811,12.899999618530272,17.6
6/20/22 0:00,oslo,1.849904,12.600000381469728,16.9
6/20/22 1:00,oslo,1.707998,11.0,16.6
6/20/22 2:00,oslo,1.6167090000000002,11.100000381469728,16.1
6/20/22 3:00,oslo,1.5205599999999997,11.600000381469728,15.4
6/20/22 4:00,oslo,1.5542740000000002,13.0,15.3
6/20/22 5:00,oslo,1.6388470000000006,14.600000381469728,15.6
6/20/22 6:00,oslo,1.8411530000000005,16.299999237060547,16.0
6/20/22 7:00,oslo,2.121274,18.0,15.8
6/20/22 8:00,oslo,2.3824829999999992,18.899999618530277,16.0
6/20/22 9:00,oslo,2.5551850000000003,20.0,16.4
6/20/22 10:00,oslo,2.758679,21.100000381469727,16.9
6/20/22 11:00,oslo,2.734516,22.299999237060547,17.6
6/20/22 12:00,oslo,2.717178,23.200000762939453,19.3
6/20/22 13:00,oslo,2.6732849999999995,23.0,19.6
6/20/22 14:00,oslo,2.7026510000000004,23.299999237060547,19.8
6/20/22 15:00,oslo,2.878524999999999,22.799999237060547,20.7
6/20/22 16:00,oslo,2.888831000000001,22.600000381469727,20.8
6/20/22 17:00,oslo,2.9163760000000005,22.799999237060547,21.8
6/20/22 18:00,oslo,2.806779,21.399999618530277,20.7
6/20/22 19:00,oslo,2.7764800000000007,19.100000381469727,19.7
6/20/22 20:00,oslo,2.6896929999999992,17.200000762939453,19.2
6/20/22 21:00,oslo,2.608991000000001,15.300000190734863,18.4
6/20/22 22:00,oslo,2.2279089999999995,14.0,17.9
6/20/22 23:00,oslo,1.949413,12.800000190734863,17.3
6/21/22 0:00,oslo,1.7552100000000002,11.600000381469728,16.5
6/21/22 1:00,oslo,1.694649,11.600000381469728,16.2
6/21/22 2:00,oslo,1.635041,11.199999809265137,15.8
6/21/22 3:00,oslo,1.6357390000000005,11.399999618530272,15.3
6/21/22 4:00,oslo,1.7979150000000002,12.5,15.1
6/21/22 5:00,oslo,2.0471380000000003,14.199999809265137,14.6
6/21/22 6:00,oslo,2.071776,16.200000762939453,14.6
6/21/22 7:00,oslo,2.0667670000000005,17.700000762939453,15.1
6/21/22 8:00,oslo,2.0514640000000006,19.200000762939453,16.4
6/21/22 9:00,oslo,2.0966850000000004,19.600000381469727,17.4
6/21/22 10:00,oslo,2.1049560000000005,18.600000381469727,18.5
6/21/22 11:00,oslo,2.1250980000000004,19.600000381469727,19.9
6/21/22 12:00,oslo,2.114442,19.799999237060547,21.6
6/21/22 13:00,oslo,2.286078,18.5,22.1
6/21/22 14:00,oslo,2.565462,19.0,23.6
6/21/22 15:00,oslo,2.765379,19.600000381469727,24.1
6/21/22 16:00,oslo,2.819332,19.5,25.0
6/21/22 17:00,oslo,2.8368250000000006,19.399999618530277,23.5
6/21/22 18:00,oslo,2.8461990000000004,18.700000762939453,22.0
6/21/22 19:00,oslo,2.8342120000000004,17.600000381469727,21.9
6/21/22 20:00,oslo,2.736678,16.399999618530273,20.9
6/21/22 21:00,oslo,2.504142,15.5,19.7
6/21/22 22:00,oslo,2.1285290000000003,15.199999809265137,17.5
6/21/22 23:00,oslo,1.862271,15.0,16.4
6/22/22 0:00,oslo,1.697073,14.899999618530272,16.0
6/22/22 1:00,oslo,1.6133229999999998,13.899999618530272,15.7
6/22/22 2:00,oslo,1.5554099999999995,13.600000381469728,15.4
6/22/22 3:00,oslo,1.6156859999999995,13.800000190734863,15.1
6/22/22 4:00,oslo,1.7416969999999998,14.300000190734863,15.2
6/22/22 5:00,oslo,2.046056,15.399999618530272,15.3
6/22/22 6:00,oslo,2.108543,16.799999237060547,15.3
6/22/22 7:00,oslo,2.112985,18.299999237060547,15.3
6/22/22 8:00,oslo,2.1256560000000007,20.399999618530277,15.3
6/22/22 9:00,oslo,2.2289949999999985,21.299999237060547,15.8
6/22/22 10:00,oslo,2.1484090000000005,21.399999618530277,16.6
6/22/22 11:00,oslo,2.1158460000000003,20.799999237060547,19.1
6/22/22 12:00,oslo,2.117386,21.200000762939453,20.9
6/22/22 13:00,oslo,2.261681000000001,22.399999618530277,22.1
6/22/22 14:00,oslo,2.572439,22.299999237060547,23.1
6/22/22 15:00,oslo,2.719903999999999,22.100000381469727,23.4
6/22/22 16:00,oslo,2.686015,21.0,24.6
6/22/22 17:00,oslo,2.684435,20.0,24.7
6/22/22 18:00,oslo,2.7452140000000007,18.700000762939453,25.0
6/22/22 19:00,oslo,2.846652,17.100000381469727,26.0
6/22/22 20:00,oslo,2.801117,15.899999618530272,26.7
6/22/22 21:00,oslo,2.737175999999999,14.800000190734863,25.6
6/22/22 22:00,oslo,2.4136050000000004,13.800000190734863,24.9
6/22/22 23:00,oslo,2.116796,13.0,23.6
6/23/22 0:00,oslo,1.918334,13.0,22.1
6/23/22 1:00,oslo,1.846533,13.899999618530272,20.5
6/23/22 2:00,oslo,1.7298470000000004,14.100000381469728,19.8
6/23/22 3:00,oslo,1.774922,14.100000381469728,18.2
6/23/22 4:00,oslo,1.8934429999999995,15.100000381469728,18.6
6/23/22 5:00,oslo,2.1088149999999994,16.600000381469727,18.1
6/23/22 6:00,oslo,2.159289,18.200000762939453,17.9
6/23/22 7:00,oslo,2.154749,20.200000762939453,18.6
6/23/22 8:00,oslo,2.1089,22.100000381469727,19.6
6/23/22 9:00,oslo,2.144951,23.700000762939453,21.1
6/23/22 10:00,oslo,2.102895,25.200000762939453,23.4
6/23/22 11:00,oslo,2.0058289999999994,26.299999237060547,24.8
6/23/22 12:00,oslo,2.0293210000000004,26.399999618530277,25.5
6/23/22 13:00,oslo,2.110405,26.100000381469727,25.7
6/23/22 14:00,oslo,2.364643000000001,25.200000762939453,25.4
6/23/22 15:00,oslo,2.531674000000001,23.899999618530277,26.4
6/23/22 16:00,oslo,2.580504,21.399999618530277,26.8
6/23/22 17:00,oslo,2.609543999999999,20.600000381469727,25.4
6/23/22 18:00,oslo,2.623821,19.299999237060547,26.1
6/23/22 19:00,oslo,2.708821999999999,17.5,25.8
6/23/22 20:00,oslo,2.7768429999999995,16.0,25.4
6/23/22 21:00,oslo,2.742081,14.899999618530272,25.2
6/23/22 22:00,oslo,2.4311929999999995,14.300000190734863,24.2
6/23/22 23:00,oslo,2.1510309999999992,13.899999618530272,23.4
6/24/22 0:00,oslo,1.947198,13.699999809265137,21.7
6/24/22 1:00,oslo,1.84399,13.600000381469728,20.6
6/24/22 2:00,oslo,1.772983,13.800000190734863,19.6
6/24/22 3:00,oslo,1.7762030000000002,14.0,19.1
6/24/22 4:00,oslo,1.893608,14.399999618530272,18.9
6/24/22 5:00,oslo,2.050648,15.199999809265137,18.7
6/24/22 6:00,oslo,2.076081,16.5,19.1
6/24/22 7:00,oslo,2.088816,17.600000381469727,19.1
6/24/22 8:00,oslo,2.051546,20.200000762939453,19.5
6/24/22 9:00,oslo,2.046308,22.399999618530277,20.3
6/24/22 10:00,oslo,2.017855999999999,24.700000762939453,21.0
6/24/22 11:00,oslo,2.029545,26.5,22.2
6/24/22 12:00,oslo,1.970306,27.399999618530277,23.6
6/24/22 13:00,oslo,2.073702,27.5,24.9
6/24/22 14:00,oslo,2.313765,27.899999618530277,22.2
6/24/22 15:00,oslo,2.4202089999999994,27.799999237060547,21.4
6/24/22 16:00,oslo,2.51573,27.5,21.2
6/24/22 17:00,oslo,2.599429,26.899999618530277,20.7
6/24/22 18:00,oslo,2.6995639999999987,25.600000381469727,20.4
6/24/22 19:00,oslo,2.74988,23.0,18.8
6/24/22 20:00,oslo,2.806655999999999,21.299999237060547,18.9
6/24/22 21:00,oslo,2.720593,19.799999237060547,18.6
6/24/22 22:00,oslo,2.440322,18.399999618530277,18.8
6/24/22 23:00,oslo,2.1322649999999994,17.600000381469727,18.6
6/25/22 0:00,oslo,,16.700000762939453,18.2
6/25/22 1:00,oslo,,16.399999618530273,17.6
6/25/22 2:00,oslo,,16.200000762939453,17.1
6/25/22 3:00,oslo,,16.100000381469727,16.9
6/25/22 4:00,oslo,,17.399999618530273,16.3
6/25/22 5:00,oslo,,19.600000381469727,16.3
6/25/22 6:00,oslo,,22.100000381469727,16.7
6/25/22 7:00,oslo,,25.0,16.9
6/25/22 8:00,oslo,,26.799999237060547,17.0
6/25/22 9:00,oslo,,28.299999237060547,17.0
6/25/22 10:00,oslo,,26.600000381469727,17.6
6/25/22 11:00,oslo,,26.700000762939453,18.2
6/25/22 12:00,oslo,,28.600000381469727,18.8
6/25/22 13:00,oslo,,29.799999237060547,18.9
6/25/22 14:00,oslo,,28.5,18.0
6/25/22 15:00,oslo,,28.299999237060547,19.4
6/25/22 16:00,oslo,,27.200000762939453,20.1
6/25/22 17:00,oslo,,26.600000381469727,20.1
6/25/22 18:00,oslo,,25.600000381469727,22.2
6/25/22 19:00,oslo,,24.100000381469727,19.8
6/25/22 20:00,oslo,,22.299999237060547,19.6
6/25/22 21:00,oslo,,20.600000381469727,21.4
6/25/22 22:00,oslo,,19.0,20.7
6/25/22 23:00,oslo,,17.799999237060547,18.5
6/26/22 0:00,oslo,,17.200000762939453,18.1
6/26/22 1:00,oslo,,17.799999237060547,18.3
6/26/22 2:00,oslo,,17.700000762939453,18.3
6/26/22 3:00,oslo,,18.100000381469727,17.9
6/26/22 4:00,oslo,,18.700000762939453,17.7
6/26/22 5:00,oslo,,20.600000381469727,17.6
6/26/22 6:00,oslo,,22.399999618530277,17.5
6/26/22 7:00,oslo,,24.600000381469727,17.4
6/26/22 8:00,oslo,,25.200000762939453,16.7
6/26/22 9:00,oslo,,23.600000381469727,17.0
6/26/22 10:00,oslo,,24.0,16.3
6/26/22 11:00,oslo,,22.5,16.1
6/26/22 12:00,oslo,,23.200000762939453,15.9
6/26/22 13:00,oslo,,20.600000381469727,15.8
6/26/22 14:00,oslo,,20.5,17.0
6/26/22 15:00,oslo,,22.5,19.6
6/26/22 16:00,oslo,,23.5,21.0
6/26/22 17:00,oslo,,22.100000381469727,21.6
6/26/22 18:00,oslo,,21.299999237060547,22.6
6/26/22 19:00,oslo,,20.100000381469727,23.0
6/26/22 20:00,oslo,,19.5,22.3
6/26/22 21:00,oslo,,18.700000762939453,21.2
6/26/22 22:00,oslo,,18.100000381469727,20.0
6/26/22 23:00,oslo,,17.0,18.4
6/27/22 0:00,oslo,,16.399999618530273,16.9
6/27/22 1:00,oslo,,17.799999237060547,15.9
6/27/22 2:00,oslo,,17.899999618530273,15.2
6/27/22 3:00,oslo,,17.899999618530273,14.4
6/27/22 4:00,oslo,,18.0,13.6
6/27/22 5:00,oslo,,18.399999618530277,12.7
6/27/22 6:00,oslo,,19.5,13.1
6/27/22 7:00,oslo,,19.799999237060547,13.7
6/27/22 8:00,oslo,,20.700000762939453,14.2
6/27/22 9:00,oslo,,20.299999237060547,14.3
6/27/22 10:00,oslo,,21.399999618530277,13.9
6/27/22 11:00,oslo,,21.0,15.3
6/27/22 12:00,oslo,,19.799999237060547,17.4
6/27/22 13:00,oslo,,20.600000381469727,21.4
6/27/22 14:00,oslo,,21.399999618530277,21.9
6/27/22 15:00,oslo,,22.5,22.9
6/27/22 16:00,oslo,,20.600000381469727,22.8
6/27/22 17:00,oslo,,20.399999618530277,23.0
6/27/22 18:00,oslo,,19.299999237060547,22.9
6/27/22 19:00,oslo,,18.899999618530277,22.7
6/27/22 20:00,oslo,,18.700000762939453,22.7
6/27/22 21:00,oslo,,18.100000381469727,22.1
6/27/22 22:00,oslo,,17.799999237060547,21.6
6/27/22 23:00,oslo,,17.399999618530273,20.2
6/28/22 0:00,oslo,,17.0,18.2
6/28/22 1:00,oslo,,17.100000381469727,16.8
6/28/22 2:00,oslo,,16.799999237060547,15.7
6/28/22 3:00,oslo,,16.899999618530273,14.6
6/28/22 4:00,oslo,,17.0,14.0
6/28/22 5:00,oslo,,16.799999237060547,13.5
6/28/22 6:00,oslo,,16.799999237060547,13.4
6/28/22 7:00,oslo,,17.0,14.7
6/28/22 8:00,oslo,,17.799999237060547,16.4
6/28/22 9:00,oslo,,16.899999618530273,19.5
6/28/22 10:00,oslo,,16.899999618530273,19.3
6/28/22 11:00,oslo,,17.5,20.8
6/28/22 12:00,oslo,,20.299999237060547,22.5
6/28/22 13:00,oslo,,21.600000381469727,23.4
6/28/22 14:00,oslo,,22.399999618530277,23.9
6/28/22 15:00,oslo,,22.700000762939453,24.7
6/28/22 16:00,oslo,,22.600000381469727,25.3
6/28/22 17:00,oslo,,21.799999237060547,25.5
6/28/22 18:00,oslo,,20.5,25.8
6/28/22 19:00,oslo,,19.100000381469727,26.0
6/28/22 20:00,oslo,,17.5,26.0
6/28/22 21:00,oslo,,16.100000381469727,26.0
6/28/22 22:00,oslo,,14.800000190734863,25.1
6/28/22 23:00,oslo,,13.899999618530272,24.2
6/29/22 0:00,oslo,,13.199999809265137,22.7
6/29/22 1:00,oslo,,12.800000190734863,21.6
6/29/22 2:00,oslo,,12.800000190734863,20.3
6/29/22 3:00,oslo,,13.0,20.3
6/29/22 4:00,oslo,,14.399999618530272,20.8
6/29/22 5:00,oslo,,16.100000381469727,20.2
6/29/22 6:00,oslo,,17.600000381469727,21.0
6/29/22 7:00,oslo,,19.5,20.8
6/29/22 8:00,oslo,,21.0,20.5
6/29/22 9:00,oslo,,22.5,20.7
6/29/22 10:00,oslo,,23.700000762939453,20.1
6/29/22 11:00,oslo,,24.600000381469727,20.4
6/29/22 12:00,oslo,,25.200000762939453,21.7
6/29/22 13:00,oslo,,25.0,22.8
6/29/22 14:00,oslo,,24.299999237060547,21.2
6/29/22 15:00,oslo,,23.200000762939453,21.2
6/29/22 16:00,oslo,,22.600000381469727,22.5
6/29/22 17:00,oslo,,21.899999618530277,23.1
6/29/22 18:00,oslo,,20.600000381469727,24.0
6/29/22 19:00,oslo,,19.0,25.1
6/29/22 20:00,oslo,,17.100000381469727,24.9
6/29/22 21:00,oslo,,16.100000381469727,24.0
6/29/22 22:00,oslo,,15.0,22.5
6/29/22 23:00,oslo,,14.300000190734863,21.2
6/30/22 0:00,oslo,,14.600000381469728,
6/30/22 1:00,oslo,,13.800000190734863,
6/30/22 2:00,oslo,,14.0,
6/30/22 3:00,oslo,,14.800000190734863,
6/30/22 4:00,oslo,,16.200000762939453,
6/30/22 5:00,oslo,,17.399999618530273,
6/30/22 6:00,oslo,,19.0,
6/30/22 7:00,oslo,,20.899999618530277,
6/30/22 8:00,oslo,,22.5,
6/30/22 9:00,oslo,,24.0,
6/30/22 10:00,oslo,,25.200000762939453,
6/30/22 11:00,oslo,,26.200000762939453,
6/30/22 12:00,oslo,,26.399999618530277,
6/30/22 13:00,oslo,,25.299999237060547,
6/30/22 14:00,oslo,,26.0,
6/30/22 15:00,oslo,,26.0,
6/30/22 16:00,oslo,,26.0,
6/30/22 17:00,oslo,,25.600000381469727,
6/30/22 18:00,oslo,,24.600000381469727,
6/30/22 19:00,oslo,,22.700000762939453,
6/30/22 20:00,oslo,,21.0,
6/30/22 21:00,oslo,,19.0,
6/30/22 22:00,oslo,,18.200000762939453,
6/30/22 23:00,oslo,,17.100000381469727,
